player,player_id,team,season,lg,replaced
Bam Adebayo,adebaba01,East,2024,NBA,FALSE
Giannis Antetokounmpo,antetgi01,East,2024,NBA,FALSE
Paolo Banchero,banchpa01,East,2024,NBA,FALSE
Scottie Barnes,barnesc01,East,2024,NBA,FALSE
Jaylen Brown,brownja02,East,2024,NBA,FALSE
Jalen Brunson,brunsja01,East,2024,NBA,FALSE
Joel Embiid,embiijo01,East,2024,NBA,TRUE
Tyrese Haliburton,halibty01,East,2024,NBA,FALSE
Damian Lillard,lillada01,East,2024,NBA,FALSE
Tyrese Maxey,maxeyty01,East,2024,NBA,FALSE
Donovan Mitchell,mitchdo01,East,2024,NBA,FALSE
Julius Randle,randlju01,East,2024,NBA,TRUE
Jayson Tatum,tatumja01,East,2024,NBA,FALSE
Trae Young,youngtr01,East,2024,NBA,FALSE
Devin Booker,bookede01,West,2024,NBA,FALSE
Stephen Curry,curryst01,West,2024,NBA,FALSE
Anthony Davis,davisan02,West,2024,NBA,FALSE
Luka Dončić,doncilu01,West,2024,NBA,FALSE
Kevin Durant,duranke01,West,2024,NBA,FALSE
Anthony Edwards,edwaran01,West,2024,NBA,FALSE
Paul George,georgpa01,West,2024,NBA,FALSE
Shai Gilgeous-Alexander,gilgesh01,West,2024,NBA,FALSE
LeBron James,jamesle01,West,2024,NBA,FALSE
Nikola Jokić,jokicni01,West,2024,NBA,FALSE
Kawhi Leonard,leonaka01,West,2024,NBA,FALSE
Karl-Anthony Towns,townska01,West,2024,NBA,FALSE
Bam Adebayo,adebaba01,Giannis,2023,NBA,FALSE
Giannis Antetokounmpo,antetgi01,Giannis,2023,NBA,FALSE
DeMar DeRozan,derozde01,Giannis,2023,NBA,FALSE
Kevin Durant,duranke01,Giannis,2023,NBA,TRUE
Shai Gilgeous-Alexander,gilgesh01,Giannis,2023,NBA,FALSE
Jrue Holiday,holidjr01,Giannis,2023,NBA,FALSE
Damian Lillard,lillada01,Giannis,2023,NBA,FALSE
Lauri Markkanen,markkla01,Giannis,2023,NBA,FALSE
Donovan Mitchell,mitchdo01,Giannis,2023,NBA,FALSE
Ja Morant,moranja01,Giannis,2023,NBA,FALSE
Domantas Sabonis,sabondo01,Giannis,2023,NBA,FALSE
Pascal Siakam,siakapa01,Giannis,2023,NBA,FALSE
Jayson Tatum,tatumja01,Giannis,2023,NBA,FALSE
Jaylen Brown,brownja02,LeBron,2023,NBA,FALSE
Stephen Curry,curryst01,LeBron,2023,NBA,TRUE
Luka Dončić,doncilu01,LeBron,2023,NBA,FALSE
Anthony Edwards,edwaran01,LeBron,2023,NBA,FALSE
Joel Embiid,embiijo01,LeBron,2023,NBA,FALSE
De'Aaron Fox,foxde01,LeBron,2023,NBA,FALSE
Paul George,georgpa01,LeBron,2023,NBA,FALSE
Tyrese Haliburton,halibty01,LeBron,2023,NBA,FALSE
Kyrie Irving,irvinky01,LeBron,2023,NBA,FALSE
Jaren Jackson Jr.,jacksja02,LeBron,2023,NBA,FALSE
LeBron James,jamesle01,LeBron,2023,NBA,FALSE
Nikola Jokić,jokicni01,LeBron,2023,NBA,FALSE
Julius Randle,randlju01,LeBron,2023,NBA,FALSE
Zion Williamson,willizi01,LeBron,2023,NBA,TRUE
LaMelo Ball,ballla01,Team Durant,2022,NBA,FALSE
Devin Booker,bookede01,Team Durant,2022,NBA,FALSE
Kevin Durant,duranke01,Team Durant,2022,NBA,TRUE
Joel Embiid,embiijo01,Team Durant,2022,NBA,FALSE
Rudy Gobert,goberru01,Team Durant,2022,NBA,FALSE
Draymond Green,greendr01,Team Durant,2022,NBA,TRUE
Zach LaVine,lavinza01,Team Durant,2022,NBA,FALSE
Khris Middleton,middlkh01,Team Durant,2022,NBA,FALSE
Ja Morant,moranja01,Team Durant,2022,NBA,FALSE
Dejounte Murray,murrade01,Team Durant,2022,NBA,FALSE
Jayson Tatum,tatumja01,Team Durant,2022,NBA,FALSE
Karl-Anthony Towns,townska01,Team Durant,2022,NBA,FALSE
Andrew Wiggins,wiggian01,Team Durant,2022,NBA,FALSE
Trae Young,youngtr01,Team Durant,2022,NBA,FALSE
Jarrett Allen,allenja01,Team LeBron,2022,NBA,FALSE
Giannis Antetokounmpo,antetgi01,Team LeBron,2022,NBA,FALSE
Jimmy Butler,butleji01,Team LeBron,2022,NBA,FALSE
Stephen Curry,curryst01,Team LeBron,2022,NBA,FALSE
DeMar DeRozan,derozde01,Team LeBron,2022,NBA,FALSE
Luka Dončić,doncilu01,Team LeBron,2022,NBA,FALSE
Darius Garland,garlada01,Team LeBron,2022,NBA,FALSE
James Harden,hardeja01,Team LeBron,2022,NBA,TRUE
LeBron James,jamesle01,Team LeBron,2022,NBA,FALSE
Nikola Jokić,jokicni01,Team LeBron,2022,NBA,FALSE
Donovan Mitchell,mitchdo01,Team LeBron,2022,NBA,TRUE
Chris Paul,paulch01,Team LeBron,2022,NBA,FALSE
Fred VanVleet,vanvlfr01,Team LeBron,2022,NBA,FALSE
Bradley Beal,bealbr01,Team Durant,2021,NBA,FALSE
Devin Booker,bookede01,Team Durant,2021,NBA,TRUE
Mike Conley,conlemi01,Team Durant,2021,NBA,FALSE
Anthony Davis,davisan02,Team Durant,2021,NBA,TRUE
Kevin Durant,duranke01,Team Durant,2021,NBA,TRUE
Joel Embiid,embiijo01,Team Durant,2021,NBA,TRUE
James Harden,hardeja01,Team Durant,2021,NBA,FALSE
Kyrie Irving,irvinky01,Team Durant,2021,NBA,FALSE
Zach LaVine,lavinza01,Team Durant,2021,NBA,FALSE
Kawhi Leonard,leonaka01,Team Durant,2021,NBA,FALSE
Donovan Mitchell,mitchdo01,Team Durant,2021,NBA,FALSE
Julius Randle,randlju01,Team Durant,2021,NBA,FALSE
Jayson Tatum,tatumja01,Team Durant,2021,NBA,FALSE
Nikola Vučević,vucevni01,Team Durant,2021,NBA,FALSE
Zion Williamson,willizi01,Team Durant,2021,NBA,FALSE
Giannis Antetokounmpo,antetgi01,Team LeBron,2021,NBA,FALSE
Jaylen Brown,brownja02,Team LeBron,2021,NBA,FALSE
Stephen Curry,curryst01,Team LeBron,2021,NBA,FALSE
Luka Dončić,doncilu01,Team LeBron,2021,NBA,FALSE
Paul George,georgpa01,Team LeBron,2021,NBA,FALSE
Rudy Gobert,goberru01,Team LeBron,2021,NBA,FALSE
LeBron James,jamesle01,Team LeBron,2021,NBA,FALSE
Nikola Jokić,jokicni01,Team LeBron,2021,NBA,FALSE
Damian Lillard,lillada01,Team LeBron,2021,NBA,FALSE
Chris Paul,paulch01,Team LeBron,2021,NBA,FALSE
Domantas Sabonis,sabondo01,Team LeBron,2021,NBA,FALSE
Ben Simmons,simmobe01,Team LeBron,2021,NBA,TRUE
Bam Adebayo,adebaba01,Team Giannis,2020,NBA,FALSE
Giannis Antetokounmpo,antetgi01,Team Giannis,2020,NBA,FALSE
Jimmy Butler,butleji01,Team Giannis,2020,NBA,FALSE
Joel Embiid,embiijo01,Team Giannis,2020,NBA,FALSE
Rudy Gobert,goberru01,Team Giannis,2020,NBA,FALSE
Brandon Ingram,ingrabr01,Team Giannis,2020,NBA,FALSE
Kyle Lowry,lowryky01,Team Giannis,2020,NBA,FALSE
Khris Middleton,middlkh01,Team Giannis,2020,NBA,FALSE
Donovan Mitchell,mitchdo01,Team Giannis,2020,NBA,FALSE
Pascal Siakam,siakapa01,Team Giannis,2020,NBA,FALSE
Kemba Walker,walkeke02,Team Giannis,2020,NBA,FALSE
Trae Young,youngtr01,Team Giannis,2020,NBA,FALSE
Devin Booker,bookede01,Team LeBron,2020,NBA,FALSE
Anthony Davis,davisan02,Team LeBron,2020,NBA,FALSE
Luka Dončić,doncilu01,Team LeBron,2020,NBA,FALSE
James Harden,hardeja01,Team LeBron,2020,NBA,FALSE
LeBron James,jamesle01,Team LeBron,2020,NBA,FALSE
Nikola Jokić,jokicni01,Team LeBron,2020,NBA,FALSE
Kawhi Leonard,leonaka01,Team LeBron,2020,NBA,FALSE
Damian Lillard,lillada01,Team LeBron,2020,NBA,TRUE
Chris Paul,paulch01,Team LeBron,2020,NBA,FALSE
Domantas Sabonis,sabondo01,Team LeBron,2020,NBA,FALSE
Ben Simmons,simmobe01,Team LeBron,2020,NBA,FALSE
Jayson Tatum,tatumja01,Team LeBron,2020,NBA,FALSE
Russell Westbrook,westbru01,Team LeBron,2020,NBA,FALSE
Giannis Antetokounmpo,antetgi01,Team Giannis,2019,NBA,FALSE
Stephen Curry,curryst01,Team Giannis,2019,NBA,FALSE
Joel Embiid,embiijo01,Team Giannis,2019,NBA,FALSE
Paul George,georgpa01,Team Giannis,2019,NBA,FALSE
Blake Griffin,griffbl01,Team Giannis,2019,NBA,FALSE
Nikola Jokić,jokicni01,Team Giannis,2019,NBA,FALSE
Kyle Lowry,lowryky01,Team Giannis,2019,NBA,FALSE
Khris Middleton,middlkh01,Team Giannis,2019,NBA,FALSE
Dirk Nowitzki,nowitdi01,Team Giannis,2019,NBA,FALSE
Victor Oladipo,oladivi01,Team Giannis,2019,NBA,TRUE
D'Angelo Russell,russeda01,Team Giannis,2019,NBA,FALSE
Nikola Vučević,vucevni01,Team Giannis,2019,NBA,FALSE
Kemba Walker,walkeke02,Team Giannis,2019,NBA,FALSE
Russell Westbrook,westbru01,Team Giannis,2019,NBA,FALSE
LaMarcus Aldridge,aldrila01,Team LeBron,2019,NBA,FALSE
Bradley Beal,bealbr01,Team LeBron,2019,NBA,FALSE
Anthony Davis,davisan02,Team LeBron,2019,NBA,FALSE
Kevin Durant,duranke01,Team LeBron,2019,NBA,FALSE
James Harden,hardeja01,Team LeBron,2019,NBA,FALSE
Kyrie Irving,irvinky01,Team LeBron,2019,NBA,FALSE
LeBron James,jamesle01,Team LeBron,2019,NBA,FALSE
Kawhi Leonard,leonaka01,Team LeBron,2019,NBA,FALSE
Damian Lillard,lillada01,Team LeBron,2019,NBA,FALSE
Ben Simmons,simmobe01,Team LeBron,2019,NBA,FALSE
Klay Thompson,thompkl01,Team LeBron,2019,NBA,FALSE
Karl-Anthony Towns,townska01,Team LeBron,2019,NBA,FALSE
Dwyane Wade,wadedw01,Team LeBron,2019,NBA,FALSE
LaMarcus Aldridge,aldrila01,Team LeBron,2018,NBA,FALSE
Bradley Beal,bealbr01,Team LeBron,2018,NBA,FALSE
DeMarcus Cousins,couside01,Team LeBron,2018,NBA,TRUE
Anthony Davis,davisan02,Team LeBron,2018,NBA,FALSE
Goran Dragić,dragigo01,Team LeBron,2018,NBA,FALSE
Andre Drummond,drumman01,Team LeBron,2018,NBA,FALSE
Kevin Durant,duranke01,Team LeBron,2018,NBA,FALSE
Paul George,georgpa01,Team LeBron,2018,NBA,FALSE
Kyrie Irving,irvinky01,Team LeBron,2018,NBA,FALSE
LeBron James,jamesle01,Team LeBron,2018,NBA,FALSE
Kevin Love,loveke01,Team LeBron,2018,NBA,TRUE
Victor Oladipo,oladivi01,Team LeBron,2018,NBA,FALSE
Kristaps Porziņģis,porzikr01,Team LeBron,2018,NBA,TRUE
Kemba Walker,walkeke02,Team LeBron,2018,NBA,FALSE
John Wall,walljo01,Team LeBron,2018,NBA,TRUE
Russell Westbrook,westbru01,Team LeBron,2018,NBA,FALSE
Giannis Antetokounmpo,antetgi01,Team Stephen,2018,NBA,FALSE
Jimmy Butler,butleji01,Team Stephen,2018,NBA,TRUE
Stephen Curry,curryst01,Team Stephen,2018,NBA,FALSE
DeMar DeRozan,derozde01,Team Stephen,2018,NBA,FALSE
Joel Embiid,embiijo01,Team Stephen,2018,NBA,FALSE
Draymond Green,greendr01,Team Stephen,2018,NBA,FALSE
James Harden,hardeja01,Team Stephen,2018,NBA,FALSE
Al Horford,horfoal01,Team Stephen,2018,NBA,FALSE
Damian Lillard,lillada01,Team Stephen,2018,NBA,FALSE
Kyle Lowry,lowryky01,Team Stephen,2018,NBA,FALSE
Klay Thompson,thompkl01,Team Stephen,2018,NBA,FALSE
Karl-Anthony Towns,townska01,Team Stephen,2018,NBA,FALSE
Giannis Antetokounmpo,antetgi01,East,2017,NBA,FALSE
Carmelo Anthony,anthoca01,East,2017,NBA,FALSE
Jimmy Butler,butleji01,East,2017,NBA,FALSE
DeMar DeRozan,derozde01,East,2017,NBA,FALSE
Paul George,georgpa01,East,2017,NBA,FALSE
Kyrie Irving,irvinky01,East,2017,NBA,FALSE
LeBron James,jamesle01,East,2017,NBA,FALSE
Kevin Love,loveke01,East,2017,NBA,TRUE
Kyle Lowry,lowryky01,East,2017,NBA,FALSE
Paul Millsap,millspa01,East,2017,NBA,FALSE
Isaiah Thomas,thomais02,East,2017,NBA,FALSE
Kemba Walker,walkeke02,East,2017,NBA,FALSE
John Wall,walljo01,East,2017,NBA,FALSE
DeMarcus Cousins,couside01,West,2017,NBA,FALSE
Stephen Curry,curryst01,West,2017,NBA,FALSE
Anthony Davis,davisan02,West,2017,NBA,FALSE
Kevin Durant,duranke01,West,2017,NBA,FALSE
Marc Gasol,gasolma01,West,2017,NBA,FALSE
Draymond Green,greendr01,West,2017,NBA,FALSE
James Harden,hardeja01,West,2017,NBA,FALSE
Gordon Hayward,haywago01,West,2017,NBA,FALSE
DeAndre Jordan,jordade01,West,2017,NBA,FALSE
Kawhi Leonard,leonaka01,West,2017,NBA,FALSE
Klay Thompson,thompkl01,West,2017,NBA,FALSE
Russell Westbrook,westbru01,West,2017,NBA,FALSE
Carmelo Anthony,anthoca01,East,2016,NBA,FALSE
Chris Bosh,boshch01,East,2016,NBA,TRUE
Jimmy Butler,butleji01,East,2016,NBA,TRUE
DeMar DeRozan,derozde01,East,2016,NBA,FALSE
Andre Drummond,drumman01,East,2016,NBA,FALSE
Pau Gasol,gasolpa01,East,2016,NBA,FALSE
Paul George,georgpa01,East,2016,NBA,FALSE
Al Horford,horfoal01,East,2016,NBA,FALSE
LeBron James,jamesle01,East,2016,NBA,FALSE
Kyle Lowry,lowryky01,East,2016,NBA,FALSE
Paul Millsap,millspa01,East,2016,NBA,FALSE
Isaiah Thomas,thomais02,East,2016,NBA,FALSE
Dwyane Wade,wadedw01,East,2016,NBA,FALSE
John Wall,walljo01,East,2016,NBA,FALSE
LaMarcus Aldridge,aldrila01,West,2016,NBA,FALSE
Kobe Bryant,bryanko01,West,2016,NBA,FALSE
DeMarcus Cousins,couside01,West,2016,NBA,FALSE
Stephen Curry,curryst01,West,2016,NBA,FALSE
Anthony Davis,davisan02,West,2016,NBA,FALSE
Kevin Durant,duranke01,West,2016,NBA,FALSE
Draymond Green,greendr01,West,2016,NBA,FALSE
James Harden,hardeja01,West,2016,NBA,FALSE
Kawhi Leonard,leonaka01,West,2016,NBA,FALSE
Chris Paul,paulch01,West,2016,NBA,FALSE
Klay Thompson,thompkl01,West,2016,NBA,FALSE
Russell Westbrook,westbru01,West,2016,NBA,FALSE
Carmelo Anthony,anthoca01,East,2015,NBA,FALSE
Chris Bosh,boshch01,East,2015,NBA,FALSE
Jimmy Butler,butleji01,East,2015,NBA,FALSE
Pau Gasol,gasolpa01,East,2015,NBA,FALSE
Al Horford,horfoal01,East,2015,NBA,FALSE
Kyrie Irving,irvinky01,East,2015,NBA,FALSE
LeBron James,jamesle01,East,2015,NBA,FALSE
Kyle Korver,korveky01,East,2015,NBA,FALSE
Kyle Lowry,lowryky01,East,2015,NBA,FALSE
Paul Millsap,millspa01,East,2015,NBA,FALSE
Jeff Teague,teaguje01,East,2015,NBA,FALSE
Dwyane Wade,wadedw01,East,2015,NBA,TRUE
John Wall,walljo01,East,2015,NBA,FALSE
LaMarcus Aldridge,aldrila01,West,2015,NBA,FALSE
Kobe Bryant,bryanko01,West,2015,NBA,TRUE
DeMarcus Cousins,couside01,West,2015,NBA,FALSE
Stephen Curry,curryst01,West,2015,NBA,FALSE
Anthony Davis,davisan02,West,2015,NBA,TRUE
Tim Duncan,duncati01,West,2015,NBA,FALSE
Kevin Durant,duranke01,West,2015,NBA,FALSE
Marc Gasol,gasolma01,West,2015,NBA,FALSE
Blake Griffin,griffbl01,West,2015,NBA,TRUE
James Harden,hardeja01,West,2015,NBA,FALSE
Damian Lillard,lillada01,West,2015,NBA,FALSE
Dirk Nowitzki,nowitdi01,West,2015,NBA,FALSE
Chris Paul,paulch01,West,2015,NBA,FALSE
Klay Thompson,thompkl01,West,2015,NBA,FALSE
Russell Westbrook,westbru01,West,2015,NBA,FALSE
Carmelo Anthony,anthoca01,East,2014,NBA,FALSE
Chris Bosh,boshch01,East,2014,NBA,FALSE
DeMar DeRozan,derozde01,East,2014,NBA,FALSE
Paul George,georgpa01,East,2014,NBA,FALSE
Roy Hibbert,hibbero01,East,2014,NBA,FALSE
Kyrie Irving,irvinky01,East,2014,NBA,FALSE
LeBron James,jamesle01,East,2014,NBA,FALSE
Joe Johnson,johnsjo02,East,2014,NBA,FALSE
Paul Millsap,millspa01,East,2014,NBA,FALSE
Joakim Noah,noahjo01,East,2014,NBA,FALSE
Dwyane Wade,wadedw01,East,2014,NBA,FALSE
John Wall,walljo01,East,2014,NBA,FALSE
LaMarcus Aldridge,aldrila01,West,2014,NBA,FALSE
Kobe Bryant,bryanko01,West,2014,NBA,TRUE
Stephen Curry,curryst01,West,2014,NBA,FALSE
Anthony Davis,davisan02,West,2014,NBA,FALSE
Kevin Durant,duranke01,West,2014,NBA,FALSE
Blake Griffin,griffbl01,West,2014,NBA,FALSE
James Harden,hardeja01,West,2014,NBA,FALSE
Dwight Howard,howardw01,West,2014,NBA,FALSE
Damian Lillard,lillada01,West,2014,NBA,FALSE
Kevin Love,loveke01,West,2014,NBA,FALSE
Dirk Nowitzki,nowitdi01,West,2014,NBA,FALSE
Tony Parker,parketo01,West,2014,NBA,FALSE
Chris Paul,paulch01,West,2014,NBA,FALSE
Carmelo Anthony,anthoca01,East,2013,NBA,FALSE
Chris Bosh,boshch01,East,2013,NBA,FALSE
Tyson Chandler,chandty01,East,2013,NBA,FALSE
Luol Deng,denglu01,East,2013,NBA,FALSE
Kevin Garnett,garneke01,East,2013,NBA,FALSE
Paul George,georgpa01,East,2013,NBA,FALSE
Jrue Holiday,holidjr01,East,2013,NBA,FALSE
Kyrie Irving,irvinky01,East,2013,NBA,FALSE
LeBron James,jamesle01,East,2013,NBA,FALSE
Brook Lopez,lopezbr01,East,2013,NBA,TRUE
Joakim Noah,noahjo01,East,2013,NBA,FALSE
Rajon Rondo,rondora01,East,2013,NBA,TRUE
Dwyane Wade,wadedw01,East,2013,NBA,FALSE
LaMarcus Aldridge,aldrila01,West,2013,NBA,FALSE
Kobe Bryant,bryanko01,West,2013,NBA,FALSE
Tim Duncan,duncati01,West,2013,NBA,FALSE
Kevin Durant,duranke01,West,2013,NBA,FALSE
Blake Griffin,griffbl01,West,2013,NBA,FALSE
James Harden,hardeja01,West,2013,NBA,FALSE
Dwight Howard,howardw01,West,2013,NBA,FALSE
David Lee,leeda02,West,2013,NBA,FALSE
Tony Parker,parketo01,West,2013,NBA,FALSE
Chris Paul,paulch01,West,2013,NBA,FALSE
Zach Randolph,randoza01,West,2013,NBA,FALSE
Russell Westbrook,westbru01,West,2013,NBA,FALSE
Carmelo Anthony,anthoca01,East,2012,NBA,FALSE
Chris Bosh,boshch01,East,2012,NBA,FALSE
Luol Deng,denglu01,East,2012,NBA,FALSE
Roy Hibbert,hibbero01,East,2012,NBA,FALSE
Dwight Howard,howardw01,East,2012,NBA,FALSE
Andre Iguodala,iguodan01,East,2012,NBA,FALSE
LeBron James,jamesle01,East,2012,NBA,FALSE
Joe Johnson,johnsjo02,East,2012,NBA,TRUE
Paul Pierce,piercpa01,East,2012,NBA,FALSE
Rajon Rondo,rondora01,East,2012,NBA,TRUE
Derrick Rose,rosede01,East,2012,NBA,FALSE
Dwyane Wade,wadedw01,East,2012,NBA,FALSE
Deron Williams,willide01,East,2012,NBA,FALSE
LaMarcus Aldridge,aldrila01,West,2012,NBA,FALSE
Kobe Bryant,bryanko01,West,2012,NBA,FALSE
Andrew Bynum,bynuman01,West,2012,NBA,FALSE
Kevin Durant,duranke01,West,2012,NBA,FALSE
Marc Gasol,gasolma01,West,2012,NBA,FALSE
Blake Griffin,griffbl01,West,2012,NBA,FALSE
Kevin Love,loveke01,West,2012,NBA,FALSE
Steve Nash,nashst01,West,2012,NBA,FALSE
Dirk Nowitzki,nowitdi01,West,2012,NBA,FALSE
Tony Parker,parketo01,West,2012,NBA,FALSE
Chris Paul,paulch01,West,2012,NBA,FALSE
Russell Westbrook,westbru01,West,2012,NBA,FALSE
Ray Allen,allenra02,East,2011,NBA,FALSE
Chris Bosh,boshch01,East,2011,NBA,FALSE
Kevin Garnett,garneke01,East,2011,NBA,FALSE
Al Horford,horfoal01,East,2011,NBA,FALSE
Dwight Howard,howardw01,East,2011,NBA,FALSE
LeBron James,jamesle01,East,2011,NBA,FALSE
Joe Johnson,johnsjo02,East,2011,NBA,FALSE
Paul Pierce,piercpa01,East,2011,NBA,FALSE
Rajon Rondo,rondora01,East,2011,NBA,FALSE
Derrick Rose,rosede01,East,2011,NBA,FALSE
Amar'e Stoudemire,stoudam01,East,2011,NBA,FALSE
Dwyane Wade,wadedw01,East,2011,NBA,FALSE
Carmelo Anthony,anthoca01,West,2011,NBA,FALSE
Kobe Bryant,bryanko01,West,2011,NBA,FALSE
Tim Duncan,duncati01,West,2011,NBA,FALSE
Kevin Durant,duranke01,West,2011,NBA,FALSE
Pau Gasol,gasolpa01,West,2011,NBA,FALSE
Manu Ginóbili,ginobma01,West,2011,NBA,FALSE
Blake Griffin,griffbl01,West,2011,NBA,FALSE
Kevin Love,loveke01,West,2011,NBA,TRUE
Yao Ming,mingya01,West,2011,NBA,TRUE
Dirk Nowitzki,nowitdi01,West,2011,NBA,FALSE
Chris Paul,paulch01,West,2011,NBA,FALSE
Russell Westbrook,westbru01,West,2011,NBA,FALSE
Deron Williams,willide01,West,2011,NBA,FALSE
Chris Bosh,boshch01,East,2010,NBA,FALSE
Kevin Garnett,garneke01,East,2010,NBA,FALSE
Al Horford,horfoal01,East,2010,NBA,FALSE
Dwight Howard,howardw01,East,2010,NBA,FALSE
Allen Iverson,iversal01,East,2010,NBA,TRUE
LeBron James,jamesle01,East,2010,NBA,FALSE
Joe Johnson,johnsjo02,East,2010,NBA,FALSE
David Lee,leeda02,East,2010,NBA,TRUE
Paul Pierce,piercpa01,East,2010,NBA,FALSE
Rajon Rondo,rondora01,East,2010,NBA,FALSE
Derrick Rose,rosede01,East,2010,NBA,FALSE
Dwyane Wade,wadedw01,East,2010,NBA,FALSE
Gerald Wallace,wallage01,East,2010,NBA,FALSE
Carmelo Anthony,anthoca01,West,2010,NBA,FALSE
Chauncey Billups,billuch01,West,2010,NBA,TRUE
Kobe Bryant,bryanko01,West,2010,NBA,TRUE
Tim Duncan,duncati01,West,2010,NBA,FALSE
Kevin Durant,duranke01,West,2010,NBA,FALSE
Pau Gasol,gasolpa01,West,2010,NBA,FALSE
Chris Kaman,kamanch01,West,2010,NBA,TRUE
Jason Kidd,kiddja01,West,2010,NBA,TRUE
Steve Nash,nashst01,West,2010,NBA,FALSE
Dirk Nowitzki,nowitdi01,West,2010,NBA,FALSE
Chris Paul,paulch01,West,2010,NBA,TRUE
Zach Randolph,randoza01,West,2010,NBA,FALSE
Brandon Roy,roybr01,West,2010,NBA,TRUE
Amar'e Stoudemire,stoudam01,West,2010,NBA,FALSE
Deron Williams,willide01,West,2010,NBA,FALSE
Ray Allen,allenra02,East,2009,NBA,FALSE
Chris Bosh,boshch01,East,2009,NBA,TRUE
Kevin Garnett,garneke01,East,2009,NBA,FALSE
Danny Granger,grangda01,East,2009,NBA,FALSE
Devin Harris,harride01,East,2009,NBA,FALSE
Dwight Howard,howardw01,East,2009,NBA,FALSE
Allen Iverson,iversal01,East,2009,NBA,FALSE
LeBron James,jamesle01,East,2009,NBA,FALSE
Joe Johnson,johnsjo02,East,2009,NBA,FALSE
Rashard Lewis,lewisra02,East,2009,NBA,FALSE
Jameer Nelson,nelsoja01,East,2009,NBA,TRUE
Paul Pierce,piercpa01,East,2009,NBA,FALSE
Dwyane Wade,wadedw01,East,2009,NBA,FALSE
Mo Williams,willima01,East,2009,NBA,TRUE
Chauncey Billups,billuch01,West,2009,NBA,FALSE
Kobe Bryant,bryanko01,West,2009,NBA,FALSE
Tim Duncan,duncati01,West,2009,NBA,FALSE
Pau Gasol,gasolpa01,West,2009,NBA,FALSE
Yao Ming,mingya01,West,2009,NBA,FALSE
Dirk Nowitzki,nowitdi01,West,2009,NBA,FALSE
Shaquille O'Neal,onealsh01,West,2009,NBA,FALSE
Tony Parker,parketo01,West,2009,NBA,FALSE
Chris Paul,paulch01,West,2009,NBA,FALSE
Brandon Roy,roybr01,West,2009,NBA,FALSE
Amar'e Stoudemire,stoudam01,West,2009,NBA,FALSE
David West,westda01,West,2009,NBA,FALSE
Ray Allen,allenra02,East,2008,NBA,TRUE
Chauncey Billups,billuch01,East,2008,NBA,FALSE
Chris Bosh,boshch01,East,2008,NBA,FALSE
Caron Butler,butleca01,East,2008,NBA,TRUE
Kevin Garnett,garneke01,East,2008,NBA,TRUE
Richard Hamilton,hamilri01,East,2008,NBA,FALSE
Dwight Howard,howardw01,East,2008,NBA,FALSE
LeBron James,jamesle01,East,2008,NBA,FALSE
Antawn Jamison,jamisan01,East,2008,NBA,FALSE
Joe Johnson,johnsjo02,East,2008,NBA,FALSE
Jason Kidd,kiddja01,East,2008,NBA,FALSE
Paul Pierce,piercpa01,East,2008,NBA,FALSE
Dwyane Wade,wadedw01,East,2008,NBA,FALSE
Rasheed Wallace,wallara01,East,2008,NBA,TRUE
Carmelo Anthony,anthoca01,West,2008,NBA,FALSE
Carlos Boozer,boozeca01,West,2008,NBA,FALSE
Kobe Bryant,bryanko01,West,2008,NBA,FALSE
Tim Duncan,duncati01,West,2008,NBA,FALSE
Allen Iverson,iversal01,West,2008,NBA,FALSE
Yao Ming,mingya01,West,2008,NBA,FALSE
Steve Nash,nashst01,West,2008,NBA,FALSE
Dirk Nowitzki,nowitdi01,West,2008,NBA,FALSE
Chris Paul,paulch01,West,2008,NBA,FALSE
Brandon Roy,roybr01,West,2008,NBA,FALSE
Amar'e Stoudemire,stoudam01,West,2008,NBA,FALSE
David West,westda01,West,2008,NBA,FALSE
Gilbert Arenas,arenagi01,East,2007,NBA,FALSE
Chauncey Billups,billuch01,East,2007,NBA,FALSE
Chris Bosh,boshch01,East,2007,NBA,FALSE
Caron Butler,butleca01,East,2007,NBA,FALSE
Vince Carter,cartevi01,East,2007,NBA,FALSE
Richard Hamilton,hamilri01,East,2007,NBA,FALSE
Dwight Howard,howardw01,East,2007,NBA,FALSE
LeBron James,jamesle01,East,2007,NBA,FALSE
Joe Johnson,johnsjo02,East,2007,NBA,TRUE
Jason Kidd,kiddja01,East,2007,NBA,TRUE
Jermaine O'Neal,onealje01,East,2007,NBA,FALSE
Shaquille O'Neal,onealsh01,East,2007,NBA,FALSE
Dwyane Wade,wadedw01,East,2007,NBA,FALSE
Ray Allen,allenra02,West,2007,NBA,TRUE
Carmelo Anthony,anthoca01,West,2007,NBA,TRUE
Carlos Boozer,boozeca01,West,2007,NBA,TRUE
Kobe Bryant,bryanko01,West,2007,NBA,FALSE
Tim Duncan,duncati01,West,2007,NBA,FALSE
Kevin Garnett,garneke01,West,2007,NBA,FALSE
Josh Howard,howarjo01,West,2007,NBA,TRUE
Allen Iverson,iversal01,West,2007,NBA,TRUE
Shawn Marion,mariosh01,West,2007,NBA,FALSE
Tracy McGrady,mcgratr01,West,2007,NBA,FALSE
Yao Ming,mingya01,West,2007,NBA,TRUE
Steve Nash,nashst01,West,2007,NBA,TRUE
Dirk Nowitzki,nowitdi01,West,2007,NBA,FALSE
Mehmet Okur ,okurme01,West,2007,NBA,TRUE
Tony Parker,parketo01,West,2007,NBA,FALSE
Amar'e Stoudemire,stoudam01,West,2007,NBA,FALSE
Gilbert Arenas,arenagi01,East,2006,NBA,TRUE
Chauncey Billups,billuch01,East,2006,NBA,FALSE
Chris Bosh,boshch01,East,2006,NBA,FALSE
Vince Carter,cartevi01,East,2006,NBA,FALSE
Richard Hamilton,hamilri01,East,2006,NBA,FALSE
Allen Iverson,iversal01,East,2006,NBA,FALSE
LeBron James,jamesle01,East,2006,NBA,FALSE
Jermaine O'Neal,onealje01,East,2006,NBA,TRUE
Shaquille O'Neal,onealsh01,East,2006,NBA,FALSE
Paul Pierce,piercpa01,East,2006,NBA,FALSE
Dwyane Wade,wadedw01,East,2006,NBA,FALSE
Ben Wallace,wallabe01,East,2006,NBA,FALSE
Rasheed Wallace,wallara01,East,2006,NBA,FALSE
Ray Allen,allenra02,West,2006,NBA,FALSE
Elton Brand,brandel01,West,2006,NBA,FALSE
Kobe Bryant,bryanko01,West,2006,NBA,FALSE
Tim Duncan,duncati01,West,2006,NBA,FALSE
Kevin Garnett,garneke01,West,2006,NBA,FALSE
Pau Gasol,gasolpa01,West,2006,NBA,FALSE
Shawn Marion,mariosh01,West,2006,NBA,FALSE
Tracy McGrady,mcgratr01,West,2006,NBA,FALSE
Yao Ming,mingya01,West,2006,NBA,FALSE
Steve Nash,nashst01,West,2006,NBA,FALSE
Dirk Nowitzki,nowitdi01,West,2006,NBA,FALSE
Tony Parker,parketo01,West,2006,NBA,FALSE
Gilbert Arenas,arenagi01,East,2005,NBA,FALSE
Vince Carter,cartevi01,East,2005,NBA,FALSE
Grant Hill,hillgr01,East,2005,NBA,FALSE
Zydrunas Ilgauskas,ilgauzy01,East,2005,NBA,FALSE
Allen Iverson,iversal01,East,2005,NBA,FALSE
LeBron James,jamesle01,East,2005,NBA,FALSE
Antawn Jamison,jamisan01,East,2005,NBA,FALSE
Jermaine O'Neal,onealje01,East,2005,NBA,FALSE
Shaquille O'Neal,onealsh01,East,2005,NBA,FALSE
Paul Pierce,piercpa01,East,2005,NBA,FALSE
Dwyane Wade,wadedw01,East,2005,NBA,FALSE
Ben Wallace,wallabe01,East,2005,NBA,FALSE
Ray Allen,allenra02,West,2005,NBA,FALSE
Kobe Bryant,bryanko01,West,2005,NBA,FALSE
Tim Duncan,duncati01,West,2005,NBA,FALSE
Kevin Garnett,garneke01,West,2005,NBA,FALSE
Manu Ginóbili,ginobma01,West,2005,NBA,FALSE
Rashard Lewis,lewisra02,West,2005,NBA,FALSE
Shawn Marion,mariosh01,West,2005,NBA,FALSE
Tracy McGrady,mcgratr01,West,2005,NBA,FALSE
Yao Ming,mingya01,West,2005,NBA,FALSE
Steve Nash,nashst01,West,2005,NBA,FALSE
Dirk Nowitzki,nowitdi01,West,2005,NBA,FALSE
Amar'e Stoudemire,stoudam01,West,2005,NBA,FALSE
Metta World Peace,artesro01,East,2004,NBA,FALSE
Vince Carter,cartevi01,East,2004,NBA,FALSE
Baron Davis,davisba01,East,2004,NBA,FALSE
Allen Iverson,iversal01,East,2004,NBA,FALSE
Jason Kidd,kiddja01,East,2004,NBA,FALSE
Jamaal Magloire,magloja01,East,2004,NBA,FALSE
Kenyon Martin,martike01,East,2004,NBA,FALSE
Tracy McGrady,mcgratr01,East,2004,NBA,FALSE
Jermaine O'Neal,onealje01,East,2004,NBA,FALSE
Paul Pierce,piercpa01,East,2004,NBA,FALSE
Michael Redd,reddmi01,East,2004,NBA,FALSE
Ben Wallace,wallabe01,East,2004,NBA,FALSE
Ray Allen,allenra02,West,2004,NBA,FALSE
Kobe Bryant,bryanko01,West,2004,NBA,FALSE
Sam Cassell,cassesa01,West,2004,NBA,FALSE
Tim Duncan,duncati01,West,2004,NBA,FALSE
Steve Francis,francst01,West,2004,NBA,FALSE
Kevin Garnett,garneke01,West,2004,NBA,FALSE
Andrei Kirilenko,kirilan01,West,2004,NBA,FALSE
Brad Miller,millebr01,West,2004,NBA,FALSE
Yao Ming,mingya01,West,2004,NBA,FALSE
Dirk Nowitzki,nowitdi01,West,2004,NBA,FALSE
Shaquille O'Neal,onealsh01,West,2004,NBA,FALSE
Peja Stojaković,stojape01,West,2004,NBA,FALSE
Vince Carter,cartevi01,East,2003,NBA,FALSE
Zydrunas Ilgauskas,ilgauzy01,East,2003,NBA,FALSE
Allen Iverson,iversal01,East,2003,NBA,FALSE
Michael Jordan,jordami01,East,2003,NBA,FALSE
Jason Kidd,kiddja01,East,2003,NBA,FALSE
Jamal Mashburn,mashbja01,East,2003,NBA,FALSE
Tracy McGrady,mcgratr01,East,2003,NBA,FALSE
Brad Miller,millebr01,East,2003,NBA,FALSE
Jermaine O'Neal,onealje01,East,2003,NBA,FALSE
Paul Pierce,piercpa01,East,2003,NBA,FALSE
Antoine Walker,walkean02,East,2003,NBA,FALSE
Ben Wallace,wallabe01,East,2003,NBA,FALSE
Kobe Bryant,bryanko01,West,2003,NBA,FALSE
Tim Duncan,duncati01,West,2003,NBA,FALSE
Steve Francis,francst01,West,2003,NBA,FALSE
Kevin Garnett,garneke01,West,2003,NBA,FALSE
Stephon Marbury,marbust01,West,2003,NBA,FALSE
Shawn Marion,mariosh01,West,2003,NBA,FALSE
Yao Ming,mingya01,West,2003,NBA,FALSE
Steve Nash,nashst01,West,2003,NBA,FALSE
Dirk Nowitzki,nowitdi01,West,2003,NBA,FALSE
Shaquille O'Neal,onealsh01,West,2003,NBA,FALSE
Gary Payton,paytoga01,West,2003,NBA,FALSE
Peja Stojaković,stojape01,West,2003,NBA,TRUE
Chris Webber,webbech01,West,2003,NBA,TRUE
Shareef Abdur-Rahim,abdursh01,East,2002,NBA,FALSE
Ray Allen,allenra02,East,2002,NBA,FALSE
Vince Carter,cartevi01,East,2002,NBA,TRUE
Baron Davis,davisba01,East,2002,NBA,TRUE
Allen Iverson,iversal01,East,2002,NBA,FALSE
Michael Jordan,jordami01,East,2002,NBA,FALSE
Jason Kidd,kiddja01,East,2002,NBA,FALSE
Tracy McGrady,mcgratr01,East,2002,NBA,FALSE
Alonzo Mourning,mournal01,East,2002,NBA,FALSE
Dikembe Mutombo,mutomdi01,East,2002,NBA,FALSE
Jermaine O'Neal,onealje01,East,2002,NBA,FALSE
Paul Pierce,piercpa01,East,2002,NBA,FALSE
Antoine Walker,walkean02,East,2002,NBA,FALSE
Elton Brand,brandel01,West,2002,NBA,TRUE
Kobe Bryant,bryanko01,West,2002,NBA,FALSE
Tim Duncan,duncati01,West,2002,NBA,FALSE
Steve Francis,francst01,West,2002,NBA,FALSE
Kevin Garnett,garneke01,West,2002,NBA,FALSE
Karl Malone,malonka01,West,2002,NBA,TRUE
Steve Nash,nashst01,West,2002,NBA,FALSE
Dirk Nowitzki,nowitdi01,West,2002,NBA,FALSE
Shaquille O'Neal,onealsh01,West,2002,NBA,TRUE
Gary Payton,paytoga01,West,2002,NBA,FALSE
Peja Stojaković,stojape01,West,2002,NBA,FALSE
Wally Szczerbiak,szczewa02,West,2002,NBA,FALSE
Chris Webber,webbech01,West,2002,NBA,FALSE
Ray Allen,allenra02,East,2001,NBA,FALSE
Vince Carter,cartevi01,East,2001,NBA,FALSE
Antonio Davis,davisan01,East,2001,NBA,TRUE
Grant Hill,hillgr01,East,2001,NBA,TRUE
Allan Houston,houstal01,East,2001,NBA,FALSE
Allen Iverson,iversal01,East,2001,NBA,FALSE
Stephon Marbury,marbust01,East,2001,NBA,FALSE
Anthony Mason,masonan01,East,2001,NBA,FALSE
Tracy McGrady,mcgratr01,East,2001,NBA,FALSE
Alonzo Mourning,mournal01,East,2001,NBA,TRUE
Dikembe Mutombo,mutomdi01,East,2001,NBA,TRUE
Theo Ratliff,ratlith01,East,2001,NBA,TRUE
Glenn Robinson,robingl01,East,2001,NBA,FALSE
Latrell Sprewell,sprewla01,East,2001,NBA,TRUE
Jerry Stackhouse,stackje01,East,2001,NBA,FALSE
Kobe Bryant,bryanko01,West,2001,NBA,FALSE
Vlade Divac,divacvl01,West,2001,NBA,TRUE
Tim Duncan,duncati01,West,2001,NBA,FALSE
Michael Finley,finlemi01,West,2001,NBA,FALSE
Kevin Garnett,garneke01,West,2001,NBA,FALSE
Jason Kidd,kiddja01,West,2001,NBA,FALSE
Karl Malone,malonka01,West,2001,NBA,FALSE
Antonio McDyess,mcdyean01,West,2001,NBA,FALSE
Shaquille O'Neal,onealsh01,West,2001,NBA,TRUE
Gary Payton,paytoga01,West,2001,NBA,FALSE
David Robinson,robinda01,West,2001,NBA,FALSE
Rasheed Wallace,wallara01,West,2001,NBA,FALSE
Chris Webber,webbech01,West,2001,NBA,FALSE
Ray Allen,allenra02,East,2000,NBA,FALSE
Vince Carter,cartevi01,East,2000,NBA,FALSE
Dale Davis,davisda01,East,2000,NBA,FALSE
Grant Hill,hillgr01,East,2000,NBA,FALSE
Allan Houston,houstal01,East,2000,NBA,FALSE
Allen Iverson,iversal01,East,2000,NBA,FALSE
Eddie Jones,jonesed02,East,2000,NBA,FALSE
Reggie Miller,millere01,East,2000,NBA,FALSE
Alonzo Mourning,mournal01,East,2000,NBA,FALSE
Dikembe Mutombo,mutomdi01,East,2000,NBA,FALSE
Glenn Robinson,robingl01,East,2000,NBA,FALSE
Jerry Stackhouse,stackje01,East,2000,NBA,FALSE
Kobe Bryant,bryanko01,West,2000,NBA,FALSE
Tim Duncan,duncati01,West,2000,NBA,FALSE
Michael Finley,finlemi01,West,2000,NBA,FALSE
Kevin Garnett,garneke01,West,2000,NBA,FALSE
Jason Kidd,kiddja01,West,2000,NBA,FALSE
Karl Malone,malonka01,West,2000,NBA,FALSE
Shaquille O'Neal,onealsh01,West,2000,NBA,FALSE
Gary Payton,paytoga01,West,2000,NBA,FALSE
David Robinson,robinda01,West,2000,NBA,FALSE
John Stockton,stockjo01,West,2000,NBA,FALSE
Rasheed Wallace,wallara01,West,2000,NBA,FALSE
Chris Webber,webbech01,West,2000,NBA,FALSE
Anfernee Hardaway,hardaan01,East,1998,NBA,FALSE
Tim Hardaway,hardati01,East,1998,NBA,FALSE
Grant Hill,hillgr01,East,1998,NBA,FALSE
Michael Jordan,jordami01,East,1998,NBA,FALSE
Shawn Kemp,kempsh01,East,1998,NBA,FALSE
Reggie Miller,millere01,East,1998,NBA,FALSE
Dikembe Mutombo,mutomdi01,East,1998,NBA,FALSE
Glen Rice,ricegl01,East,1998,NBA,FALSE
Steve Smith,smithst01,East,1998,NBA,FALSE
Rik Smits,smitsri01,East,1998,NBA,FALSE
Antoine Walker,walkean02,East,1998,NBA,FALSE
Jayson Williams,willija01,East,1998,NBA,FALSE
Vin Baker,bakervi01,West,1998,NBA,FALSE
Kobe Bryant,bryanko01,West,1998,NBA,FALSE
Tim Duncan,duncati01,West,1998,NBA,FALSE
Kevin Garnett,garneke01,West,1998,NBA,FALSE
Eddie Jones,jonesed02,West,1998,NBA,FALSE
Jason Kidd,kiddja01,West,1998,NBA,FALSE
Karl Malone,malonka01,West,1998,NBA,FALSE
Shaquille O'Neal,onealsh01,West,1998,NBA,FALSE
Gary Payton,paytoga01,West,1998,NBA,FALSE
Mitch Richmond,richmmi01,West,1998,NBA,FALSE
David Robinson,robinda01,West,1998,NBA,FALSE
Nick Van Exel,vanexni01,West,1998,NBA,FALSE
Vin Baker,bakervi01,East,1997,NBA,FALSE
Terrell Brandon,brandte01,East,1997,NBA,FALSE
Joe Dumars,dumarjo01,East,1997,NBA,TRUE
Patrick Ewing,ewingpa01,East,1997,NBA,TRUE
Anfernee Hardaway,hardaan01,East,1997,NBA,FALSE
Tim Hardaway,hardati01,East,1997,NBA,FALSE
Grant Hill,hillgr01,East,1997,NBA,FALSE
Michael Jordan,jordami01,East,1997,NBA,FALSE
Christian Laettner,laettch01,East,1997,NBA,FALSE
Alonzo Mourning,mournal01,East,1997,NBA,TRUE
Dikembe Mutombo,mutomdi01,East,1997,NBA,FALSE
Scottie Pippen,pippesc01,East,1997,NBA,FALSE
Glen Rice,ricegl01,East,1997,NBA,FALSE
Chris Webber,webbech01,East,1997,NBA,TRUE
Charles Barkley,barklch01,West,1997,NBA,TRUE
Clyde Drexler,drexlcl01,West,1997,NBA,TRUE
Kevin Garnett,garneke01,West,1997,NBA,TRUE
Chris Gatling,gatlich01,West,1997,NBA,TRUE
Tom Gugliotta,guglito01,West,1997,NBA,FALSE
Eddie Jones,jonesed02,West,1997,NBA,FALSE
Shawn Kemp,kempsh01,West,1997,NBA,FALSE
Karl Malone,malonka01,West,1997,NBA,FALSE
Hakeem Olajuwon,olajuha01,West,1997,NBA,FALSE
Shaquille O'Neal,onealsh01,West,1997,NBA,TRUE
Gary Payton,paytoga01,West,1997,NBA,FALSE
Mitch Richmond,richmmi01,West,1997,NBA,FALSE
Detlef Schrempf ,schrede01,West,1997,NBA,TRUE
Latrell Sprewell,sprewla01,West,1997,NBA,FALSE
John Stockton,stockjo01,West,1997,NBA,FALSE
Vin Baker,bakervi01,East,1996,NBA,FALSE
Terrell Brandon,brandte01,East,1996,NBA,FALSE
Patrick Ewing,ewingpa01,East,1996,NBA,FALSE
Anfernee Hardaway,hardaan01,East,1996,NBA,FALSE
Grant Hill,hillgr01,East,1996,NBA,FALSE
Juwan Howard,howarju01,East,1996,NBA,FALSE
Michael Jordan,jordami01,East,1996,NBA,FALSE
Reggie Miller,millere01,East,1996,NBA,FALSE
Alonzo Mourning,mournal01,East,1996,NBA,FALSE
Shaquille O'Neal,onealsh01,East,1996,NBA,FALSE
Scottie Pippen,pippesc01,East,1996,NBA,FALSE
Glen Rice,ricegl01,East,1996,NBA,FALSE
Charles Barkley,barklch01,West,1996,NBA,FALSE
Clyde Drexler,drexlcl01,West,1996,NBA,FALSE
Sean Elliott,elliose01,West,1996,NBA,FALSE
Shawn Kemp,kempsh01,West,1996,NBA,FALSE
Jason Kidd,kiddja01,West,1996,NBA,FALSE
Karl Malone,malonka01,West,1996,NBA,FALSE
Dikembe Mutombo,mutomdi01,West,1996,NBA,FALSE
Hakeem Olajuwon,olajuha01,West,1996,NBA,FALSE
Gary Payton,paytoga01,West,1996,NBA,FALSE
Mitch Richmond,richmmi01,West,1996,NBA,FALSE
David Robinson,robinda01,West,1996,NBA,FALSE
John Stockton,stockjo01,West,1996,NBA,FALSE
Vin Baker,bakervi01,East,1995,NBA,FALSE
Dana Barros,barroda01,East,1995,NBA,FALSE
Joe Dumars,dumarjo01,East,1995,NBA,FALSE
Patrick Ewing,ewingpa01,East,1995,NBA,FALSE
Anfernee Hardaway,hardaan01,East,1995,NBA,FALSE
Grant Hill,hillgr01,East,1995,NBA,FALSE
Tyrone Hill,hillty01,East,1995,NBA,FALSE
Larry Johnson,johnsla02,East,1995,NBA,FALSE
Reggie Miller,millere01,East,1995,NBA,FALSE
Alonzo Mourning,mournal01,East,1995,NBA,FALSE
Shaquille O'Neal,onealsh01,East,1995,NBA,FALSE
Scottie Pippen,pippesc01,East,1995,NBA,FALSE
Charles Barkley,barklch01,West,1995,NBA,FALSE
Cedric Ceballos,cebalce01,West,1995,NBA,TRUE
Shawn Kemp,kempsh01,West,1995,NBA,FALSE
Dan Majerle,majerda01,West,1995,NBA,FALSE
Karl Malone,malonka01,West,1995,NBA,FALSE
Dikembe Mutombo,mutomdi01,West,1995,NBA,TRUE
Hakeem Olajuwon,olajuha01,West,1995,NBA,FALSE
Gary Payton,paytoga01,West,1995,NBA,FALSE
Mitch Richmond,richmmi01,West,1995,NBA,FALSE
David Robinson,robinda01,West,1995,NBA,FALSE
Detlef Schrempf,schrede01,West,1995,NBA,FALSE
Latrell Sprewell,sprewla01,West,1995,NBA,FALSE
John Stockton,stockjo01,West,1995,NBA,FALSE
Kenny Anderson,anderke01,East,1994,NBA,FALSE
B.J. Armstrong,armstbj01,East,1994,NBA,FALSE
Mookie Blaylock,blaylmo01,East,1994,NBA,FALSE
Derrick Coleman,colemde01,East,1994,NBA,FALSE
Patrick Ewing,ewingpa01,East,1994,NBA,FALSE
Horace Grant,grantho01,East,1994,NBA,FALSE
Alonzo Mourning,mournal01,East,1994,NBA,TRUE
Charles Oakley,oaklech01,East,1994,NBA,TRUE
Shaquille O'Neal,onealsh01,East,1994,NBA,FALSE
Scottie Pippen,pippesc01,East,1994,NBA,FALSE
Mark Price,pricema01,East,1994,NBA,FALSE
John Starks,starkjo01,East,1994,NBA,FALSE
Dominique Wilkins,wilkido01,East,1994,NBA,FALSE
Charles Barkley,barklch01,West,1994,NBA,TRUE
Clyde Drexler,drexlcl01,West,1994,NBA,FALSE
Kevin Johnson,johnske02,West,1994,NBA,FALSE
Shawn Kemp,kempsh01,West,1994,NBA,FALSE
Karl Malone,malonka01,West,1994,NBA,FALSE
Danny Manning,mannida01,West,1994,NBA,FALSE
Hakeem Olajuwon,olajuha01,West,1994,NBA,FALSE
Gary Payton,paytoga01,West,1994,NBA,TRUE
Mitch Richmond,richmmi01,West,1994,NBA,FALSE
Clifford Robinson,robincl02,West,1994,NBA,FALSE
David Robinson,robinda01,West,1994,NBA,FALSE
Latrell Sprewell,sprewla01,West,1994,NBA,FALSE
John Stockton,stockjo01,West,1994,NBA,FALSE
Brad Daugherty,daughbr01,East,1993,NBA,FALSE
Joe Dumars,dumarjo01,East,1993,NBA,FALSE
Patrick Ewing,ewingpa01,East,1993,NBA,FALSE
Larry Johnson,johnsla02,East,1993,NBA,FALSE
Michael Jordan,jordami01,East,1993,NBA,FALSE
Larry Nance,nancela01,East,1993,NBA,FALSE
Shaquille O'Neal,onealsh01,East,1993,NBA,FALSE
Scottie Pippen,pippesc01,East,1993,NBA,FALSE
Mark Price,pricema01,East,1993,NBA,FALSE
Detlef Schrempf,schrede01,East,1993,NBA,FALSE
Isiah Thomas,thomais01,East,1993,NBA,FALSE
Dominique Wilkins,wilkido01,East,1993,NBA,FALSE
Charles Barkley,barklch01,West,1993,NBA,FALSE
Clyde Drexler,drexlcl01,West,1993,NBA,FALSE
Sean Elliott,elliose01,West,1993,NBA,FALSE
Tim Hardaway,hardati01,West,1993,NBA,FALSE
Shawn Kemp,kempsh01,West,1993,NBA,FALSE
Dan Majerle,majerda01,West,1993,NBA,FALSE
Karl Malone,malonka01,West,1993,NBA,FALSE
Danny Manning,mannida01,West,1993,NBA,FALSE
Chris Mullin,mullich01,West,1993,NBA,TRUE
Hakeem Olajuwon,olajuha01,West,1993,NBA,FALSE
Terry Porter,portete01,West,1993,NBA,TRUE
Mitch Richmond,richmmi01,West,1993,NBA,TRUE
David Robinson,robinda01,West,1993,NBA,FALSE
John Stockton,stockjo01,West,1993,NBA,FALSE
Michael Adams,adamsmi01,East,1992,NBA,TRUE
Charles Barkley,barklch01,East,1992,NBA,FALSE
Larry Bird,birdla01,East,1992,NBA,TRUE
Brad Daugherty,daughbr01,East,1992,NBA,FALSE
Joe Dumars,dumarjo01,East,1992,NBA,FALSE
Patrick Ewing,ewingpa01,East,1992,NBA,FALSE
Michael Jordan,jordami01,East,1992,NBA,FALSE
Reggie Lewis,lewisre01,East,1992,NBA,FALSE
Scottie Pippen,pippesc01,East,1992,NBA,FALSE
Mark Price,pricema01,East,1992,NBA,FALSE
Dennis Rodman,rodmade01,East,1992,NBA,FALSE
Isiah Thomas,thomais01,East,1992,NBA,FALSE
Dominique Wilkins,wilkido01,East,1992,NBA,TRUE
Kevin Willis,willike02,East,1992,NBA,TRUE
Clyde Drexler,drexlcl01,West,1992,NBA,FALSE
Tim Hardaway,hardati01,West,1992,NBA,FALSE
Jeff Hornacek,hornaje01,West,1992,NBA,FALSE
Magic Johnson,johnsma02,West,1992,NBA,FALSE
Dan Majerle,majerda01,West,1992,NBA,FALSE
Karl Malone,malonka01,West,1992,NBA,FALSE
Chris Mullin,mullich01,West,1992,NBA,FALSE
Dikembe Mutombo,mutomdi01,West,1992,NBA,FALSE
Hakeem Olajuwon,olajuha01,West,1992,NBA,FALSE
David Robinson,robinda01,West,1992,NBA,FALSE
John Stockton,stockjo01,West,1992,NBA,FALSE
Otis Thorpe,thorpot01,West,1992,NBA,FALSE
James Worthy,worthja01,West,1992,NBA,FALSE
Charles Barkley,barklch01,East,1991,NBA,FALSE
Larry Bird,birdla01,East,1991,NBA,TRUE
Brad Daugherty,daughbr01,East,1991,NBA,FALSE
Joe Dumars,dumarjo01,East,1991,NBA,FALSE
Patrick Ewing,ewingpa01,East,1991,NBA,FALSE
Hersey Hawkins,hawkihe01,East,1991,NBA,TRUE
Michael Jordan,jordami01,East,1991,NBA,FALSE
Bernard King,kingbe01,East,1991,NBA,FALSE
Kevin McHale,mchalke01,East,1991,NBA,FALSE
Robert Parish,parisro01,East,1991,NBA,FALSE
Ricky Pierce,piercri01,East,1991,NBA,FALSE
Alvin Robertson,roberal01,East,1991,NBA,FALSE
Isiah Thomas,thomais01,East,1991,NBA,TRUE
Dominique Wilkins,wilkido01,East,1991,NBA,FALSE
Tom Chambers,chambto01,West,1991,NBA,FALSE
Clyde Drexler,drexlcl01,West,1991,NBA,FALSE
Kevin Duckworth,duckwke01,West,1991,NBA,FALSE
Tim Hardaway,hardati01,West,1991,NBA,FALSE
Kevin Johnson,johnske02,West,1991,NBA,FALSE
Magic Johnson,johnsma02,West,1991,NBA,FALSE
Karl Malone,malonka01,West,1991,NBA,FALSE
Chris Mullin,mullich01,West,1991,NBA,FALSE
Terry Porter,portete01,West,1991,NBA,FALSE
David Robinson,robinda01,West,1991,NBA,FALSE
John Stockton,stockjo01,West,1991,NBA,FALSE
James Worthy,worthja01,West,1991,NBA,FALSE
Charles Barkley,barklch01,East,1990,NBA,FALSE
Larry Bird,birdla01,East,1990,NBA,FALSE
Joe Dumars,dumarjo01,East,1990,NBA,FALSE
Patrick Ewing,ewingpa01,East,1990,NBA,FALSE
Michael Jordan,jordami01,East,1990,NBA,FALSE
Kevin McHale,mchalke01,East,1990,NBA,FALSE
Reggie Miller,millere01,East,1990,NBA,FALSE
Robert Parish,parisro01,East,1990,NBA,FALSE
Scottie Pippen,pippesc01,East,1990,NBA,FALSE
Dennis Rodman,rodmade01,East,1990,NBA,FALSE
Isiah Thomas,thomais01,East,1990,NBA,FALSE
Dominique Wilkins,wilkido01,East,1990,NBA,FALSE
Rolando Blackman,blackro01,West,1990,NBA,TRUE
Tom Chambers,chambto01,West,1990,NBA,FALSE
Clyde Drexler,drexlcl01,West,1990,NBA,FALSE
A.C. Green,greenac01,West,1990,NBA,FALSE
Kevin Johnson,johnske02,West,1990,NBA,FALSE
Magic Johnson,johnsma02,West,1990,NBA,FALSE
Fat Lever,leverfa01,West,1990,NBA,FALSE
Karl Malone,malonka01,West,1990,NBA,TRUE
Chris Mullin,mullich01,West,1990,NBA,FALSE
Hakeem Olajuwon,olajuha01,West,1990,NBA,FALSE
David Robinson,robinda01,West,1990,NBA,FALSE
John Stockton,stockjo01,West,1990,NBA,FALSE
James Worthy,worthja01,West,1990,NBA,FALSE
Charles Barkley,barklch01,East,1989,NBA,FALSE
Terry Cummings,cummite01,East,1989,NBA,FALSE
Brad Daugherty,daughbr01,East,1989,NBA,FALSE
Patrick Ewing,ewingpa01,East,1989,NBA,FALSE
Mark Jackson,jacksma01,East,1989,NBA,FALSE
Michael Jordan,jordami01,East,1989,NBA,FALSE
Moses Malone,malonmo01,East,1989,NBA,FALSE
Kevin McHale,mchalke01,East,1989,NBA,FALSE
Larry Nance,nancela01,East,1989,NBA,FALSE
Mark Price,pricema01,East,1989,NBA,FALSE
Isiah Thomas,thomais01,East,1989,NBA,FALSE
Dominique Wilkins,wilkido01,East,1989,NBA,FALSE
Kareem Abdul-Jabbar,abdulka01,West,1989,NBA,TRUE
Tom Chambers,chambto01,West,1989,NBA,FALSE
Clyde Drexler,drexlcl01,West,1989,NBA,FALSE
Kevin Duckworth,duckwke01,West,1989,NBA,FALSE
Mark Eaton,eatonma01,West,1989,NBA,FALSE
Dale Ellis,ellisda01,West,1989,NBA,FALSE
Alex English,englial01,West,1989,NBA,FALSE
Magic Johnson,johnsma02,West,1989,NBA,TRUE
Karl Malone,malonka01,West,1989,NBA,FALSE
Chris Mullin,mullich01,West,1989,NBA,FALSE
Hakeem Olajuwon,olajuha01,West,1989,NBA,FALSE
John Stockton,stockjo01,West,1989,NBA,FALSE
James Worthy,worthja01,West,1989,NBA,FALSE
Danny Ainge,aingeda01,East,1988,NBA,FALSE
Charles Barkley,barklch01,East,1988,NBA,FALSE
Larry Bird,birdla01,East,1988,NBA,FALSE
Maurice Cheeks,cheekma01,East,1988,NBA,FALSE
Brad Daugherty,daughbr01,East,1988,NBA,FALSE
Patrick Ewing,ewingpa01,East,1988,NBA,FALSE
Michael Jordan,jordami01,East,1988,NBA,FALSE
Moses Malone,malonmo01,East,1988,NBA,FALSE
Kevin McHale,mchalke01,East,1988,NBA,FALSE
Doc Rivers,riverdo01,East,1988,NBA,FALSE
Isiah Thomas,thomais01,East,1988,NBA,FALSE
Dominique Wilkins,wilkido01,East,1988,NBA,FALSE
Kareem Abdul-Jabbar,abdulka01,West,1988,NBA,FALSE
Mark Aguirre,aguirma01,West,1988,NBA,FALSE
James Donaldson,donalja01,West,1988,NBA,TRUE
Clyde Drexler,drexlcl01,West,1988,NBA,FALSE
Alex English,englial01,West,1988,NBA,FALSE
Magic Johnson,johnsma02,West,1988,NBA,FALSE
Steve Johnson,johnsst03,West,1988,NBA,TRUE
Fat Lever,leverfa01,West,1988,NBA,FALSE
Karl Malone,malonka01,West,1988,NBA,FALSE
Xavier McDaniel,mcdanxa01,West,1988,NBA,FALSE
Hakeem Olajuwon,olajuha01,West,1988,NBA,FALSE
Alvin Robertson,roberal01,West,1988,NBA,FALSE
James Worthy,worthja01,West,1988,NBA,FALSE
Charles Barkley,barklch01,East,1987,NBA,FALSE
Larry Bird,birdla01,East,1987,NBA,FALSE
Maurice Cheeks,cheekma01,East,1987,NBA,FALSE
Julius Erving,ervinju01,East,1987,NBA,FALSE
Michael Jordan,jordami01,East,1987,NBA,FALSE
Bill Laimbeer,laimbbi01,East,1987,NBA,FALSE
Jeff Malone,malonje01,East,1987,NBA,FALSE
Moses Malone,malonmo01,East,1987,NBA,FALSE
Kevin McHale,mchalke01,East,1987,NBA,FALSE
Robert Parish,parisro01,East,1987,NBA,FALSE
Isiah Thomas,thomais01,East,1987,NBA,FALSE
Dominique Wilkins,wilkido01,East,1987,NBA,FALSE
Kareem Abdul-Jabbar,abdulka01,West,1987,NBA,FALSE
Mark Aguirre,aguirma01,West,1987,NBA,FALSE
Rolando Blackman,blackro01,West,1987,NBA,FALSE
Joe Barry Carroll,carrojo01,West,1987,NBA,FALSE
Tom Chambers,chambto01,West,1987,NBA,TRUE
Walter Davis,daviswa03,West,1987,NBA,FALSE
Alex English,englial01,West,1987,NBA,FALSE
Sleepy Floyd,floydsl01,West,1987,NBA,FALSE
Magic Johnson,johnsma02,West,1987,NBA,FALSE
Hakeem Olajuwon,olajuha01,West,1987,NBA,FALSE
Alvin Robertson,roberal01,West,1987,NBA,FALSE
Ralph Sampson,sampsra01,West,1987,NBA,TRUE
James Worthy,worthja01,West,1987,NBA,FALSE
Larry Bird,birdla01,East,1986,NBA,FALSE
Maurice Cheeks,cheekma01,East,1986,NBA,FALSE
Julius Erving,ervinju01,East,1986,NBA,FALSE
Patrick Ewing,ewingpa01,East,1986,NBA,TRUE
Michael Jordan,jordami01,East,1986,NBA,TRUE
Jeff Malone,malonje01,East,1986,NBA,FALSE
Moses Malone,malonmo01,East,1986,NBA,FALSE
Kevin McHale,mchalke01,East,1986,NBA,FALSE
Sidney Moncrief,moncrsi01,East,1986,NBA,FALSE
Robert Parish,parisro01,East,1986,NBA,FALSE
Isiah Thomas,thomais01,East,1986,NBA,FALSE
Dominique Wilkins,wilkido01,East,1986,NBA,FALSE
Buck Williams,willibu01,East,1986,NBA,FALSE
Kareem Abdul-Jabbar,abdulka01,West,1986,NBA,FALSE
Rolando Blackman,blackro01,West,1986,NBA,FALSE
Adrian Dantley,dantlad01,West,1986,NBA,FALSE
Clyde Drexler,drexlcl01,West,1986,NBA,FALSE
Alex English,englial01,West,1986,NBA,FALSE
Artis Gilmore,gilmoar01,West,1986,NBA,FALSE
Marques Johnson,johnsma01,West,1986,NBA,FALSE
Magic Johnson,johnsma02,West,1986,NBA,FALSE
Hakeem Olajuwon,olajuha01,West,1986,NBA,FALSE
Alvin Robertson,roberal01,West,1986,NBA,FALSE
Ralph Sampson,sampsra01,West,1986,NBA,FALSE
James Worthy,worthja01,West,1986,NBA,FALSE
Larry Bird,birdla01,East,1985,NBA,FALSE
Terry Cummings,cummite01,East,1985,NBA,FALSE
Julius Erving,ervinju01,East,1985,NBA,FALSE
Dennis Johnson,johnsde01,East,1985,NBA,FALSE
Michael Jordan,jordami01,East,1985,NBA,FALSE
Bernard King,kingbe01,East,1985,NBA,FALSE
Bill Laimbeer,laimbbi01,East,1985,NBA,TRUE
Moses Malone,malonmo01,East,1985,NBA,FALSE
Sidney Moncrief,moncrsi01,East,1985,NBA,FALSE
Robert Parish,parisro01,East,1985,NBA,FALSE
Michael Ray Richardson,richami01,East,1985,NBA,FALSE
Jeff Ruland,rulanje01,East,1985,NBA,TRUE
Isiah Thomas,thomais01,East,1985,NBA,FALSE
Kareem Abdul-Jabbar,abdulka01,West,1985,NBA,FALSE
Rolando Blackman,blackro01,West,1985,NBA,FALSE
Adrian Dantley,dantlad01,West,1985,NBA,FALSE
Alex English,englial01,West,1985,NBA,FALSE
George Gervin,gervige01,West,1985,NBA,FALSE
Magic Johnson,johnsma02,West,1985,NBA,FALSE
Larry Nance,nancela01,West,1985,NBA,FALSE
Calvin Natt,nattca01,West,1985,NBA,FALSE
Norm Nixon,nixonno01,West,1985,NBA,FALSE
Hakeem Olajuwon,olajuha01,West,1985,NBA,FALSE
Ralph Sampson,sampsra01,West,1985,NBA,FALSE
Jack Sikma,sikmaja01,West,1985,NBA,FALSE
Larry Bird,birdla01,East,1984,NBA,FALSE
Otis Birdsong,birdsot01,East,1984,NBA,FALSE
Julius Erving,ervinju01,East,1984,NBA,FALSE
Bernard King,kingbe01,East,1984,NBA,FALSE
Bill Laimbeer,laimbbi01,East,1984,NBA,TRUE
Moses Malone,malonmo01,East,1984,NBA,TRUE
Kevin McHale,mchalke01,East,1984,NBA,FALSE
Sidney Moncrief,moncrsi01,East,1984,NBA,FALSE
Robert Parish,parisro01,East,1984,NBA,FALSE
Jeff Ruland,rulanje01,East,1984,NBA,FALSE
Isiah Thomas,thomais01,East,1984,NBA,FALSE
Andrew Toney,toneyan01,East,1984,NBA,FALSE
Kelly Tripucka,tripuke01,East,1984,NBA,FALSE
Kareem Abdul-Jabbar,abdulka01,West,1984,NBA,FALSE
Mark Aguirre,aguirma01,West,1984,NBA,FALSE
Adrian Dantley,dantlad01,West,1984,NBA,FALSE
Walter Davis,daviswa03,West,1984,NBA,FALSE
Alex English,englial01,West,1984,NBA,FALSE
George Gervin,gervige01,West,1984,NBA,FALSE
Rickey Green,greenri01,West,1984,NBA,FALSE
Magic Johnson,johnsma02,West,1984,NBA,FALSE
Jim Paxson,paxsoji02,West,1984,NBA,FALSE
Ralph Sampson,sampsra01,West,1984,NBA,FALSE
Jack Sikma,sikmaja01,West,1984,NBA,FALSE
Kiki Vandeweghe,vandeki01,West,1984,NBA,FALSE
Larry Bird,birdla01,East,1983,NBA,FALSE
Maurice Cheeks,cheekma01,East,1983,NBA,FALSE
Julius Erving,ervinju01,East,1983,NBA,FALSE
Marques Johnson,johnsma01,East,1983,NBA,FALSE
Bill Laimbeer,laimbbi01,East,1983,NBA,FALSE
Moses Malone,malonmo01,East,1983,NBA,FALSE
Sidney Moncrief,moncrsi01,East,1983,NBA,FALSE
Robert Parish,parisro01,East,1983,NBA,FALSE
Reggie Theus,theusre01,East,1983,NBA,FALSE
Isiah Thomas,thomais01,East,1983,NBA,FALSE
Andrew Toney,toneyan01,East,1983,NBA,FALSE
Buck Williams,willibu01,East,1983,NBA,FALSE
Kareem Abdul-Jabbar,abdulka01,West,1983,NBA,FALSE
Alex English,englial01,West,1983,NBA,FALSE
George Gervin,gervige01,West,1983,NBA,FALSE
Artis Gilmore,gilmoar01,West,1983,NBA,FALSE
Magic Johnson,johnsma02,West,1983,NBA,FALSE
Maurice Lucas,lucasma01,West,1983,NBA,FALSE
Jim Paxson,paxsoji02,West,1983,NBA,FALSE
Jack Sikma,sikmaja01,West,1983,NBA,FALSE
David Thompson,thompda01,West,1983,NBA,FALSE
Kiki Vandeweghe,vandeki01,West,1983,NBA,FALSE
Jamaal Wilkes,wilkeja01,West,1983,NBA,FALSE
Gus Williams,willigu01,West,1983,NBA,FALSE
Tiny Archibald,architi01,East,1982,NBA,FALSE
Larry Bird,birdla01,East,1982,NBA,FALSE
Julius Erving,ervinju01,East,1982,NBA,FALSE
Artis Gilmore,gilmoar01,East,1982,NBA,FALSE
Bobby Jones,jonesbo01,East,1982,NBA,FALSE
Bob Lanier,laniebo01,East,1982,NBA,FALSE
Sidney Moncrief,moncrsi01,East,1982,NBA,FALSE
Robert Parish,parisro01,East,1982,NBA,FALSE
Michael Ray Richardson,richami01,East,1982,NBA,FALSE
Dan Roundfield,roundda01,East,1982,NBA,TRUE
Isiah Thomas,thomais01,East,1982,NBA,FALSE
Kelly Tripucka,tripuke01,East,1982,NBA,TRUE
Buck Williams,willibu01,East,1982,NBA,FALSE
Kareem Abdul-Jabbar,abdulka01,West,1982,NBA,FALSE
Adrian Dantley,dantlad01,West,1982,NBA,FALSE
Alex English,englial01,West,1982,NBA,FALSE
George Gervin,gervige01,West,1982,NBA,FALSE
Dennis Johnson,johnsde01,West,1982,NBA,FALSE
Magic Johnson,johnsma02,West,1982,NBA,FALSE
Bernard King,kingbe01,West,1982,NBA,FALSE
Moses Malone,malonmo01,West,1982,NBA,FALSE
Norm Nixon,nixonno01,West,1982,NBA,FALSE
Lonnie Shelton,sheltlo01,West,1982,NBA,FALSE
Jack Sikma,sikmaja01,West,1982,NBA,FALSE
Gus Williams,willigu01,West,1982,NBA,FALSE
Tiny Archibald,architi01,East,1981,NBA,FALSE
Larry Bird,birdla01,East,1981,NBA,FALSE
Julius Erving,ervinju01,East,1981,NBA,FALSE
Artis Gilmore,gilmoar01,East,1981,NBA,FALSE
Eddie Johnson,johnsed02,East,1981,NBA,FALSE
Marques Johnson,johnsma01,East,1981,NBA,FALSE
Bobby Jones,jonesbo01,East,1981,NBA,FALSE
Mike Mitchell,mitchmi01,East,1981,NBA,TRUE
Robert Parish,parisro01,East,1981,NBA,FALSE
Michael Ray Richardson,richami01,East,1981,NBA,FALSE
Dan Roundfield,roundda01,East,1981,NBA,TRUE
Reggie Theus,theusre01,East,1981,NBA,FALSE
Kareem Abdul-Jabbar,abdulka01,West,1981,NBA,FALSE
Otis Birdsong,birdsot01,West,1981,NBA,FALSE
Adrian Dantley,dantlad01,West,1981,NBA,FALSE
Walter Davis,daviswa03,West,1981,NBA,FALSE
George Gervin,gervige01,West,1981,NBA,FALSE
Dennis Johnson,johnsde01,West,1981,NBA,FALSE
Moses Malone,malonmo01,West,1981,NBA,FALSE
Truck Robinson,robintr01,West,1981,NBA,FALSE
Jack Sikma,sikmaja01,West,1981,NBA,FALSE
Paul Westphal,westppa01,West,1981,NBA,FALSE
Jamaal Wilkes,wilkeja01,West,1981,NBA,FALSE
Tiny Archibald,architi01,East,1980,NBA,FALSE
Larry Bird,birdla01,East,1980,NBA,FALSE
Bill Cartwright,cartwbi01,East,1980,NBA,TRUE
Dave Cowens,cowenda01,East,1980,NBA,TRUE
John Drew,drewjo01,East,1980,NBA,FALSE
Julius Erving,ervinju01,East,1980,NBA,FALSE
George Gervin,gervige01,East,1980,NBA,FALSE
Elvin Hayes,hayesel01,East,1980,NBA,FALSE
Eddie Johnson,johnsed02,East,1980,NBA,FALSE
Moses Malone,malonmo01,East,1980,NBA,FALSE
Michael Ray Richardson,richami01,East,1980,NBA,FALSE
Dan Roundfield,roundda01,East,1980,NBA,FALSE
Kareem Abdul-Jabbar,abdulka01,West,1980,NBA,FALSE
Otis Birdsong,birdsot01,West,1980,NBA,FALSE
Adrian Dantley,dantlad01,West,1980,NBA,FALSE
Walter Davis,daviswa03,West,1980,NBA,FALSE
World B. Free,freewo01,West,1980,NBA,FALSE
Dennis Johnson,johnsde01,West,1980,NBA,FALSE
Marques Johnson,johnsma01,West,1980,NBA,FALSE
Magic Johnson,johnsma02,West,1980,NBA,FALSE
Jack Sikma,sikmaja01,West,1980,NBA,FALSE
Kermit Washington,washike01,West,1980,NBA,TRUE
Scott Wedman,wedmasc01,West,1980,NBA,TRUE
Paul Westphal,westppa01,West,1980,NBA,FALSE
Doug Collins,collido01,East,1979,NBA,TRUE
Bob Dandridge,dandrbo01,East,1979,NBA,FALSE
Julius Erving,ervinju01,East,1979,NBA,FALSE
George Gervin,gervige01,East,1979,NBA,FALSE
Elvin Hayes,hayesel01,East,1979,NBA,FALSE
Larry Kenon,kenonla01,East,1979,NBA,FALSE
Bob Lanier,laniebo01,East,1979,NBA,FALSE
Moses Malone,malonmo01,East,1979,NBA,FALSE
Pete Maravich,maravpe01,East,1979,NBA,FALSE
Calvin Murphy,murphca01,East,1979,NBA,FALSE
Campy Russell,russeca02,East,1979,NBA,FALSE
Rudy Tomjanovich,tomjaru01,East,1979,NBA,FALSE
Kareem Abdul-Jabbar,abdulka01,West,1979,NBA,FALSE
Otis Birdsong,birdsot01,West,1979,NBA,FALSE
Walter Davis,daviswa03,West,1979,NBA,FALSE
Artis Gilmore,gilmoar01,West,1979,NBA,FALSE
Dennis Johnson,johnsde01,West,1979,NBA,FALSE
Marques Johnson,johnsma01,West,1979,NBA,FALSE
Maurice Lucas,lucasma01,West,1979,NBA,FALSE
George McGinnis,mcginge01,West,1979,NBA,FALSE
Jack Sikma,sikmaja01,West,1979,NBA,FALSE
David Thompson,thompda01,West,1979,NBA,FALSE
Paul Westphal,westppa01,West,1979,NBA,FALSE
Doug Collins,collido01,East,1978,NBA,FALSE
Dave Cowens,cowenda01,East,1978,NBA,FALSE
Julius Erving,ervinju01,East,1978,NBA,FALSE
George Gervin,gervige01,East,1978,NBA,FALSE
John Havlicek,havlijo01,East,1978,NBA,TRUE
Elvin Hayes,hayesel01,East,1978,NBA,TRUE
Larry Kenon,kenonla01,East,1978,NBA,FALSE
Billy Knight,knighbi01,East,1978,NBA,TRUE
Moses Malone,malonmo01,East,1978,NBA,FALSE
Pete Maravich,maravpe01,East,1978,NBA,TRUE
Bob McAdoo,mcadobo01,East,1978,NBA,FALSE
Truck Robinson,robintr01,East,1978,NBA,FALSE
Randy Smith,smithra01,East,1978,NBA,FALSE
Rick Barry,barryri01,West,1978,NBA,FALSE
Walter Davis,daviswa03,West,1978,NBA,FALSE
Artis Gilmore,gilmoar01,West,1978,NBA,FALSE
Lionel Hollins,hollili01,West,1978,NBA,FALSE
Bobby Jones,jonesbo01,West,1978,NBA,FALSE
Bob Lanier,laniebo01,West,1978,NBA,FALSE
Maurice Lucas,lucasma01,West,1978,NBA,FALSE
David Thompson,thompda01,West,1978,NBA,FALSE
Bill Walton,waltobi01,West,1978,NBA,FALSE
Paul Westphal,westppa01,West,1978,NBA,FALSE
Brian Winters,wintebr01,West,1978,NBA,FALSE
Phil Chenier,cheniph01,East,1977,NBA,TRUE
Doug Collins,collido01,East,1977,NBA,FALSE
Dave Cowens,cowenda01,East,1977,NBA,TRUE
Julius Erving,ervinju01,East,1977,NBA,FALSE
George Gervin,gervige01,East,1977,NBA,FALSE
John Havlicek,havlijo01,East,1977,NBA,FALSE
Elvin Hayes,hayesel01,East,1977,NBA,FALSE
Pete Maravich,maravpe01,East,1977,NBA,FALSE
Bob McAdoo,mcadobo01,East,1977,NBA,FALSE
George McGinnis,mcginge01,East,1977,NBA,FALSE
Earl Monroe,monroea01,East,1977,NBA,FALSE
Rudy Tomjanovich,tomjaru01,East,1977,NBA,FALSE
Jo Jo White,whitejo01,East,1977,NBA,FALSE
Kareem Abdul-Jabbar,abdulka01,West,1977,NBA,FALSE
Rick Barry,barryri01,West,1977,NBA,FALSE
Don Buse,busedo01,West,1977,NBA,TRUE
Dan Issel,isselda01,West,1977,NBA,FALSE
Bobby Jones,jonesbo01,West,1977,NBA,FALSE
Billy Knight,knighbi01,West,1977,NBA,FALSE
Bob Lanier,laniebo01,West,1977,NBA,FALSE
Maurice Lucas,lucasma01,West,1977,NBA,FALSE
Phil Smith,smithph01,West,1977,NBA,FALSE
David Thompson,thompda01,West,1977,NBA,FALSE
Norm Van Lier,vanlino01,West,1977,NBA,FALSE
Bill Walton,waltobi01,West,1977,NBA,TRUE
Paul Westphal,westppa01,West,1977,NBA,FALSE
Marvin Barnes,barnema01,All Stars,1976,ABA,FALSE
Ron Boone,boonero01,All Stars,1976,ABA,FALSE
Don Buse,busedo01,All Stars,1976,ABA,FALSE
Julius Erving,ervinju01,All Stars,1976,ABA,FALSE
George Gervin,gervige01,All Stars,1976,ABA,FALSE
Artis Gilmore,gilmoar01,All Stars,1976,ABA,FALSE
Larry Kenon,kenonla01,All Stars,1976,ABA,FALSE
Billy Knight,knighbi01,All Stars,1976,ABA,FALSE
Maurice Lucas,lucasma01,All Stars,1976,ABA,FALSE
Billy Paultz,paultbi01,All Stars,1976,ABA,FALSE
James Silas,silasja01,All Stars,1976,ABA,FALSE
Brian Taylor,taylobr01,All Stars,1976,ABA,FALSE
Byron Beck,beckby01,Denver,1976,ABA,FALSE
Roger Brown,brownro02,Denver,1976,ABA,FALSE
Jimmy Foster,fosteja01,Denver,1976,ABA,FALSE
Gus Gerard,gerargu01,Denver,1976,ABA,FALSE
Dan Issel,isselda01,Denver,1976,ABA,FALSE
Bobby Jones,jonesbo01,Denver,1976,ABA,FALSE
Ralph Simpson,simpsra01,Denver,1976,ABA,FALSE
Claude Terry,terrycl01,Denver,1976,ABA,FALSE
David Thompson,thompda01,Denver,1976,ABA,FALSE
Monte Towe,towemo01,Denver,1976,ABA,FALSE
Chuck Williams,willich02,Denver,1976,ABA,FALSE
Dave Bing,bingda01,East,1976,NBA,FALSE
Doug Collins,collido01,East,1976,NBA,FALSE
Dave Cowens,cowenda01,East,1976,NBA,FALSE
John Drew,drewjo01,East,1976,NBA,FALSE
Walt Frazier,fraziwa01,East,1976,NBA,FALSE
John Havlicek,havlijo01,East,1976,NBA,FALSE
Elvin Hayes,hayesel01,East,1976,NBA,FALSE
Bob McAdoo,mcadobo01,East,1976,NBA,FALSE
George McGinnis,mcginge01,East,1976,NBA,FALSE
Randy Smith,smithra01,East,1976,NBA,FALSE
Rudy Tomjanovich,tomjaru01,East,1976,NBA,FALSE
Jo Jo White,whitejo01,East,1976,NBA,FALSE
Kareem Abdul-Jabbar,abdulka01,West,1976,NBA,FALSE
Alvan Adams,adamsal01,West,1976,NBA,FALSE
Tiny Archibald,architi01,West,1976,NBA,FALSE
Rick Barry,barryri01,West,1976,NBA,FALSE
Fred Brown,brownfr01,West,1976,NBA,FALSE
Bob Dandridge,dandrbo01,West,1976,NBA,FALSE
Curtis Rowe,rowecu01,West,1976,NBA,FALSE
Phil Smith,smithph01,West,1976,NBA,FALSE
Norm Van Lier,vanlino01,West,1976,NBA,FALSE
Scott Wedman,wedmasc01,West,1976,NBA,FALSE
Jamaal Wilkes,wilkeja01,West,1976,NBA,FALSE
Brian Winters,wintebr01,West,1976,NBA,FALSE
Marvin Barnes,barnema01,East,1975,ABA,FALSE
Louie Dampier,dampilo01,East,1975,ABA,FALSE
Julius Erving,ervinju01,East,1975,ABA,FALSE
Artis Gilmore,gilmoar01,East,1975,ABA,FALSE
Dan Issel,isselda01,East,1975,ABA,FALSE
Stew Johnson,johnsst01,East,1975,ABA,FALSE
Larry Kenon,kenonla01,East,1975,ABA,FALSE
Freddie Lewis,lewisfr02,East,1975,ABA,FALSE
Billy Paultz,paultbi01,East,1975,ABA,FALSE
Brian Taylor,taylobr01,East,1975,ABA,FALSE
Dave Twardzik,twardda01,East,1975,ABA,FALSE
Ron Boone,boonero01,West,1975,ABA,FALSE
Mack Calvin,calvima01,West,1975,ABA,FALSE
George Gervin,gervige01,West,1975,ABA,FALSE
Mike Green,greenmi01,West,1975,ABA,FALSE
Caldwell Jones,jonesca01,West,1975,ABA,FALSE
Moses Malone,malonmo01,West,1975,ABA,FALSE
George McGinnis,mcginge01,West,1975,ABA,FALSE
Swen Nater,natersw01,West,1975,ABA,FALSE
James Silas,silasja01,West,1975,ABA,FALSE
Ralph Simpson,simpsra01,West,1975,ABA,FALSE
Phil Chenier,cheniph01,East,1975,NBA,FALSE
Dave Cowens,cowenda01,East,1975,NBA,FALSE
Walt Frazier,fraziwa01,East,1975,NBA,FALSE
John Havlicek,havlijo01,East,1975,NBA,FALSE
Elvin Hayes,hayesel01,East,1975,NBA,FALSE
Bob McAdoo,mcadobo01,East,1975,NBA,FALSE
Steve Mix,mixst01,East,1975,NBA,FALSE
Earl Monroe,monroea01,East,1975,NBA,FALSE
Paul Silas,silaspa01,East,1975,NBA,FALSE
Rudy Tomjanovich,tomjaru01,East,1975,NBA,FALSE
Wes Unseld,unselwe01,East,1975,NBA,FALSE
Jo Jo White,whitejo01,East,1975,NBA,FALSE
Kareem Abdul-Jabbar,abdulka01,West,1975,NBA,FALSE
Tiny Archibald,architi01,West,1975,NBA,FALSE
Rick Barry,barryri01,West,1975,NBA,FALSE
Dave Bing,bingda01,West,1975,NBA,FALSE
Bob Dandridge,dandrbo01,West,1975,NBA,FALSE
Gail Goodrich,goodrga01,West,1975,NBA,FALSE
Spencer Haywood,haywosp01,West,1975,NBA,FALSE
Sam Lacey,laceysa01,West,1975,NBA,FALSE
Bob Lanier,laniebo01,West,1975,NBA,FALSE
Jim Price,priceji01,West,1975,NBA,FALSE
Charlie Scott,scottch01,West,1975,NBA,FALSE
Sidney Wicks,wickssi01,West,1975,NBA,FALSE
Mack Calvin,calvima01,East,1974,ABA,FALSE
Louie Dampier,dampilo01,East,1974,ABA,FALSE
Jim Eakins,eakinji01,East,1974,ABA,FALSE
Julius Erving,ervinju01,East,1974,ABA,FALSE
George Gervin,gervige01,East,1974,ABA,FALSE
Artis Gilmore,gilmoar01,East,1974,ABA,FALSE
Dan Issel,isselda01,East,1974,ABA,FALSE
Larry Kenon,kenonla01,East,1974,ABA,FALSE
Ted McClain,mcclate01,East,1974,ABA,FALSE
Billy Paultz,paultbi01,East,1974,ABA,TRUE
George Thompson,thompge01,East,1974,ABA,FALSE
Ron Boone,boonero01,West,1974,ABA,FALSE
Mel Daniels,danieme01,West,1974,ABA,FALSE
Warren Jabali,jabalwa01,West,1974,ABA,FALSE
Stew Johnson,johnsst01,West,1974,ABA,FALSE
Jimmy Jones,jonesji01,West,1974,ABA,FALSE
Rich Jones,jonesri01,West,1974,ABA,FALSE
George McGinnis,mcginge01,West,1974,ABA,FALSE
Swen Nater,natersw01,West,1974,ABA,FALSE
Ralph Simpson,simpsra01,West,1974,ABA,FALSE
Willie Wise,wisewi01,West,1974,ABA,FALSE
Austin Carr,carrau01,East,1974,NBA,FALSE
Phil Chenier,cheniph01,East,1974,NBA,FALSE
Dave Cowens,cowenda01,East,1974,NBA,FALSE
Dave DeBusschere,debusda01,East,1974,NBA,FALSE
Walt Frazier,fraziwa01,East,1974,NBA,FALSE
John Havlicek,havlijo01,East,1974,NBA,FALSE
Elvin Hayes,hayesel01,East,1974,NBA,FALSE
Lou Hudson,hudsolo01,East,1974,NBA,FALSE
Pete Maravich,maravpe01,East,1974,NBA,FALSE
Bob McAdoo,mcadobo01,East,1974,NBA,FALSE
Rudy Tomjanovich,tomjaru01,East,1974,NBA,FALSE
Jo Jo White,whitejo01,East,1974,NBA,FALSE
Kareem Abdul-Jabbar,abdulka01,West,1974,NBA,FALSE
Rick Barry,barryri01,West,1974,NBA,FALSE
Dave Bing,bingda01,West,1974,NBA,FALSE
Gail Goodrich,goodrga01,West,1974,NBA,FALSE
Spencer Haywood,haywosp01,West,1974,NBA,FALSE
Bob Lanier,laniebo01,West,1974,NBA,FALSE
Geoff Petrie,petrige01,West,1974,NBA,FALSE
Charlie Scott,scottch01,West,1974,NBA,TRUE
Nate Thurmond,thurmna01,West,1974,NBA,FALSE
Norm Van Lier,vanlino01,West,1974,NBA,FALSE
Chet Walker,walkech01,West,1974,NBA,FALSE
Jerry West,westje01,West,1974,NBA,TRUE
Sidney Wicks,wickssi01,West,1974,NBA,FALSE
Joe Caldwell,caldwjo01,East,1973,ABA,FALSE
Mack Calvin,calvima01,East,1973,ABA,FALSE
Billy Cunningham,cunnibi01,East,1973,ABA,FALSE
Louie Dampier,dampilo01,East,1973,ABA,FALSE
Julius Erving,ervinju01,East,1973,ABA,FALSE
Artis Gilmore,gilmoar01,East,1973,ABA,FALSE
Dan Issel,isselda01,East,1973,ABA,FALSE
Bill Melchionni,melchbi01,East,1973,ABA,FALSE
Billy Paultz,paultbi01,East,1973,ABA,FALSE
George Thompson,thompge01,East,1973,ABA,FALSE
Zelmo Beaty,beatyze01,West,1973,ABA,FALSE
Mel Daniels,danieme01,West,1973,ABA,FALSE
Warren Jabali,jabalwa01,West,1973,ABA,FALSE
Stew Johnson,johnsst01,West,1973,ABA,FALSE
Jimmy Jones,jonesji01,West,1973,ABA,FALSE
Rich Jones,jonesri01,West,1973,ABA,FALSE
George McGinnis,mcginge01,West,1973,ABA,FALSE
Ralph Simpson,simpsra01,West,1973,ABA,FALSE
Chuck Williams,willich02,West,1973,ABA,FALSE
Willie Wise,wisewi01,West,1973,ABA,FALSE
John Block,blockjo01,East,1973,NBA,FALSE
Bill Bradley,bradlbi01,East,1973,NBA,FALSE
Dave Cowens,cowenda01,East,1973,NBA,FALSE
Dave DeBusschere,debusda01,East,1973,NBA,FALSE
Walt Frazier,fraziwa01,East,1973,NBA,FALSE
John Havlicek,havlijo01,East,1973,NBA,FALSE
Elvin Hayes,hayesel01,East,1973,NBA,FALSE
Lou Hudson,hudsolo01,East,1973,NBA,FALSE
Bob Kauffman,kauffbo01,East,1973,NBA,FALSE
Pete Maravich,maravpe01,East,1973,NBA,FALSE
Jack Marin,marinja01,East,1973,NBA,FALSE
Wes Unseld,unselwe01,East,1973,NBA,FALSE
Jo Jo White,whitejo01,East,1973,NBA,FALSE
Lenny Wilkens,wilkele01,East,1973,NBA,FALSE
Kareem Abdul-Jabbar,abdulka01,West,1973,NBA,TRUE
Tiny Archibald,architi01,West,1973,NBA,FALSE
Rick Barry,barryri01,West,1973,NBA,TRUE
Dave Bing,bingda01,West,1973,NBA,FALSE
Wilt Chamberlain,chambwi01,West,1973,NBA,FALSE
Bob Dandridge,dandrbo01,West,1973,NBA,FALSE
Gail Goodrich,goodrga01,West,1973,NBA,FALSE
Connie Hawkins,hawkico01,West,1973,NBA,TRUE
Spencer Haywood,haywosp01,West,1973,NBA,FALSE
Bob Lanier,laniebo01,West,1973,NBA,FALSE
Bob Love,lovebo01,West,1973,NBA,TRUE
Charlie Scott,scottch01,West,1973,NBA,FALSE
Nate Thurmond,thurmna01,West,1973,NBA,FALSE
Chet Walker,walkech01,West,1973,NBA,FALSE
Jerry West,westje01,West,1973,NBA,FALSE
Sidney Wicks,wickssi01,West,1973,NBA,FALSE
Rick Barry,barryri01,East,1972,ABA,FALSE
John Brisker,briskjo01,East,1972,ABA,FALSE
Mack Calvin,calvima01,East,1972,ABA,FALSE
Louie Dampier,dampilo01,East,1972,ABA,FALSE
Julius Erving,ervinju01,East,1972,ABA,FALSE
Artis Gilmore,gilmoar01,East,1972,ABA,FALSE
Dan Issel,isselda01,East,1972,ABA,FALSE
Warren Jabali,jabalwa01,East,1972,ABA,FALSE
Jim McDaniels,mcdanji01,East,1972,ABA,FALSE
Bill Melchionni,melchbi01,East,1972,ABA,FALSE
Charlie Scott,scottch01,East,1972,ABA,FALSE
George Thompson,thompge01,East,1972,ABA,FALSE
Zelmo Beaty,beatyze01,West,1972,ABA,FALSE
Art Becker,beckear01,West,1972,ABA,FALSE
Roger Brown,brownro01,West,1972,ABA,FALSE
Glen Combs,combsgl01,West,1972,ABA,FALSE
Mel Daniels,danieme01,West,1972,ABA,FALSE
Donnie Freeman,freemdo01,West,1972,ABA,FALSE
Steve Jones,jonesst01,West,1972,ABA,FALSE
Wil Jones,joneswi02,West,1972,ABA,FALSE
Wendell Ladner,ladnewe01,West,1972,ABA,FALSE
Freddie Lewis,lewisfr02,West,1972,ABA,FALSE
Ralph Simpson,simpsra01,West,1972,ABA,FALSE
Willie Wise,wisewi01,West,1972,ABA,FALSE
Butch Beard,beardbu01,East,1972,NBA,FALSE
Archie Clark,clarkar01,East,1972,NBA,FALSE
Dave Cowens,cowenda01,East,1972,NBA,FALSE
Billy Cunningham,cunnibi01,East,1972,NBA,FALSE
Dave DeBusschere,debusda01,East,1972,NBA,FALSE
Walt Frazier,fraziwa01,East,1972,NBA,FALSE
John Havlicek,havlijo01,East,1972,NBA,FALSE
Lou Hudson,hudsolo01,East,1972,NBA,FALSE
John Johnson,johnsjo01,East,1972,NBA,FALSE
Bob Kauffman,kauffbo01,East,1972,NBA,FALSE
Jack Marin,marinja01,East,1972,NBA,FALSE
Wes Unseld,unselwe01,East,1972,NBA,FALSE
Tom Van Arsdale,vanarto01,East,1972,NBA,FALSE
Jo Jo White,whitejo01,East,1972,NBA,FALSE
Kareem Abdul-Jabbar,abdulka01,West,1972,NBA,FALSE
Wilt Chamberlain,chambwi01,West,1972,NBA,FALSE
Gail Goodrich,goodrga01,West,1972,NBA,FALSE
Connie Hawkins,hawkico01,West,1972,NBA,FALSE
Elvin Hayes,hayesel01,West,1972,NBA,FALSE
Spencer Haywood,haywosp01,West,1972,NBA,FALSE
Bob Lanier,laniebo01,West,1972,NBA,FALSE
Bob Love,lovebo01,West,1972,NBA,FALSE
Oscar Robertson,roberos01,West,1972,NBA,FALSE
Cazzie Russell,russeca01,West,1972,NBA,FALSE
Paul Silas,silaspa01,West,1972,NBA,FALSE
Jimmy Walker,walkeji01,West,1972,NBA,FALSE
Jerry West,westje01,West,1972,NBA,FALSE
Sidney Wicks,wickssi01,West,1972,NBA,FALSE
Rick Barry,barryri01,East,1971,ABA,FALSE
John Brisker,briskjo01,East,1971,ABA,FALSE
Joe Caldwell,caldwjo01,East,1971,ABA,FALSE
Mack Calvin,calvima01,East,1971,ABA,FALSE
George Carter,cartege01,East,1971,ABA,FALSE
Dan Issel,isselda01,East,1971,ABA,FALSE
Neil Johnson,johnsne02,East,1971,ABA,FALSE
Larry Jones,jonesla01,East,1971,ABA,FALSE
Mike Lewis,lewismi01,East,1971,ABA,FALSE
Bill Melchionni,melchbi01,East,1971,ABA,FALSE
Cincy Powell,powelci01,East,1971,ABA,FALSE
Charlie Scott,scottch01,East,1971,ABA,FALSE
Zelmo Beaty,beatyze01,West,1971,ABA,FALSE
Ron Boone,boonero01,West,1971,ABA,FALSE
Roger Brown,brownro01,West,1971,ABA,FALSE
Glen Combs,combsgl01,West,1971,ABA,FALSE
Mel Daniels,danieme01,West,1971,ABA,FALSE
Donnie Freeman,freemdo01,West,1971,ABA,FALSE
Jimmy Jones,jonesji01,West,1971,ABA,FALSE
Steve Jones,jonesst01,West,1971,ABA,FALSE
Julius Keye,keyeju01,West,1971,ABA,FALSE
Wendell Ladner,ladnewe01,West,1971,ABA,FALSE
Bob Netolicky,netolbo01,West,1971,ABA,FALSE
Red Robbins,robbire01,West,1971,ABA,FALSE
Billy Cunningham,cunnibi01,East,1971,NBA,FALSE
Dave DeBusschere,debusda01,East,1971,NBA,FALSE
Walt Frazier,fraziwa01,East,1971,NBA,FALSE
Johnny Green,greenjo01,East,1971,NBA,FALSE
John Havlicek,havlijo01,East,1971,NBA,FALSE
Lou Hudson,hudsolo01,East,1971,NBA,FALSE
Gus Johnson,johnsgu01,East,1971,NBA,FALSE
John Johnson,johnsjo01,East,1971,NBA,FALSE
Bob Kauffman,kauffbo01,East,1971,NBA,FALSE
Earl Monroe,monroea01,East,1971,NBA,FALSE
Willis Reed,reedwi01,East,1971,NBA,FALSE
Wes Unseld,unselwe01,East,1971,NBA,FALSE
Tom Van Arsdale,vanarto01,East,1971,NBA,FALSE
Jo Jo White,whitejo01,East,1971,NBA,FALSE
Kareem Abdul-Jabbar,abdulka01,West,1971,NBA,FALSE
Dave Bing,bingda01,West,1971,NBA,FALSE
Wilt Chamberlain,chambwi01,West,1971,NBA,FALSE
Connie Hawkins,hawkico01,West,1971,NBA,FALSE
Elvin Hayes,hayesel01,West,1971,NBA,FALSE
Bob Love,lovebo01,West,1971,NBA,FALSE
Jerry Lucas,lucasje01,West,1971,NBA,FALSE
Jeff Mullins,mullije01,West,1971,NBA,FALSE
Geoff Petrie,petrige01,West,1971,NBA,FALSE
Oscar Robertson,roberos01,West,1971,NBA,FALSE
Dick Van Arsdale,vanardi01,West,1971,NBA,FALSE
Chet Walker,walkech01,West,1971,NBA,FALSE
Jerry West,westje01,West,1971,NBA,FALSE
Lenny Wilkens,wilkele01,West,1971,NBA,FALSE
Roger Brown,brownro01,East,1970,ABA,FALSE
Darel Carrier,carrida01,East,1970,ABA,FALSE
Louie Dampier,dampilo01,East,1970,ABA,FALSE
Mel Daniels,danieme01,East,1970,ABA,FALSE
Donnie Freeman,freemdo01,East,1970,ABA,FALSE
Mike Lewis,lewismi01,East,1970,ABA,FALSE
Doug Moe,moedo01,East,1970,ABA,FALSE
Gene Moore,moorege01,East,1970,ABA,FALSE
Bob Netolicky,netolbo01,East,1970,ABA,FALSE
Levern Tart,tartle01,East,1970,ABA,FALSE
Bob Verga,vergabo01,East,1970,ABA,FALSE
Charlie Williams,willich01,East,1970,ABA,FALSE
Rick Barry,barryri01,West,1970,ABA,FALSE
John Beasley,beasljo01,West,1970,ABA,FALSE
Larry Brown,brownla01,West,1970,ABA,FALSE
Glen Combs,combsgl01,West,1970,ABA,FALSE
Warren Davis,daviswa02,West,1970,ABA,FALSE
Gerald Govan,govange01,West,1970,ABA,TRUE
Spencer Haywood,haywosp01,West,1970,ABA,FALSE
Warren Jabali,jabalwa01,West,1970,ABA,FALSE
Jimmy Jones,jonesji01,West,1970,ABA,FALSE
Larry Jones,jonesla01,West,1970,ABA,FALSE
Steve Jones,jonesst01,West,1970,ABA,FALSE
Cincy Powell,powelci01,West,1970,ABA,FALSE
Red Robbins,robbire01,West,1970,ABA,TRUE
Kareem Abdul-Jabbar,abdulka01,East,1970,NBA,FALSE
Billy Cunningham,cunnibi01,East,1970,NBA,FALSE
Dave DeBusschere,debusda01,East,1970,NBA,FALSE
Walt Frazier,fraziwa01,East,1970,NBA,FALSE
Hal Greer,greerha01,East,1970,NBA,FALSE
John Havlicek,havlijo01,East,1970,NBA,FALSE
Gus Johnson,johnsgu01,East,1970,NBA,FALSE
Willis Reed,reedwi01,East,1970,NBA,FALSE
Oscar Robertson,roberos01,East,1970,NBA,FALSE
Flynn Robinson,robinfl01,East,1970,NBA,FALSE
Tom Van Arsdale,vanarto01,East,1970,NBA,FALSE
Jimmy Walker,walkeji01,East,1970,NBA,FALSE
Elgin Baylor,bayloel01,West,1970,NBA,FALSE
Bill Bridges,bridgbi01,West,1970,NBA,FALSE
Joe Caldwell,caldwjo01,West,1970,NBA,FALSE
Connie Hawkins,hawkico01,West,1970,NBA,FALSE
Elvin Hayes,hayesel01,West,1970,NBA,FALSE
Lou Hudson,hudsolo01,West,1970,NBA,FALSE
Jeff Mullins,mullije01,West,1970,NBA,FALSE
Bob Rule,rulebo01,West,1970,NBA,TRUE
Nate Thurmond,thurmna01,West,1970,NBA,TRUE
Dick Van Arsdale,vanardi01,West,1970,NBA,FALSE
Chet Walker,walkech01,West,1970,NBA,FALSE
Jerry West,westje01,West,1970,NBA,FALSE
Lenny Wilkens,wilkele01,West,1970,NBA,FALSE
Darel Carrier,carrida01,East,1969,ABA,FALSE
Louie Dampier,dampilo01,East,1969,ABA,FALSE
Mel Daniels,danieme01,East,1969,ABA,FALSE
Donnie Freeman,freemdo01,East,1969,ABA,FALSE
Connie Hawkins,hawkico01,East,1969,ABA,TRUE
Art Heyman,heymaar01,East,1969,ABA,TRUE
Les Hunter,huntele01,East,1969,ABA,FALSE
Goose Ligon,ligongo01,East,1969,ABA,FALSE
Bob Netolicky,netolbo01,East,1969,ABA,FALSE
Walt Simon,simonwa01,East,1969,ABA,FALSE
Skip Thoren,thoresk01,East,1969,ABA,FALSE
Trooper Washington,washitr01,East,1969,ABA,FALSE
Charlie Williams,willich01,East,1969,ABA,FALSE
Rick Barry,barryri01,West,1969,ABA,FALSE
John Beasley,beasljo01,West,1969,ABA,FALSE
Byron Beck,beckby01,West,1969,ABA,FALSE
Larry Brown,brownla01,West,1969,ABA,FALSE
Warren Davis,daviswa02,West,1969,ABA,FALSE
Wayne Hightower,hightwa01,West,1969,ABA,FALSE
Merv Jackson,jacksme01,West,1969,ABA,FALSE
Jimmy Jones,jonesji01,West,1969,ABA,FALSE
Larry Jones,jonesla01,West,1969,ABA,FALSE
Doug Moe,moedo01,West,1969,ABA,FALSE
Red Robbins,robbire01,West,1969,ABA,FALSE
Willie Somerset,somerwi01,West,1969,ABA,FALSE
Dave Bing,bingda01,East,1969,NBA,FALSE
Billy Cunningham,cunnibi01,East,1969,NBA,FALSE
Hal Greer,greerha01,East,1969,NBA,FALSE
John Havlicek,havlijo01,East,1969,NBA,FALSE
Gus Johnson,johnsgu01,East,1969,NBA,FALSE
Jerry Lucas,lucasje01,East,1969,NBA,FALSE
Jon McGlocklin,mcglojo01,East,1969,NBA,FALSE
Earl Monroe,monroea01,East,1969,NBA,FALSE
Willis Reed,reedwi01,East,1969,NBA,FALSE
Oscar Robertson,roberos01,East,1969,NBA,FALSE
Bill Russell,russebi01,East,1969,NBA,FALSE
Wes Unseld,unselwe01,East,1969,NBA,FALSE
Elgin Baylor,bayloel01,West,1969,NBA,FALSE
Joe Caldwell,caldwjo01,West,1969,NBA,FALSE
Wilt Chamberlain,chambwi01,West,1969,NBA,FALSE
Gail Goodrich,goodrga01,West,1969,NBA,TRUE
Elvin Hayes,hayesel01,West,1969,NBA,FALSE
Lou Hudson,hudsolo01,West,1969,NBA,FALSE
Don Kojis,kojisdo01,West,1969,NBA,FALSE
Rudy LaRusso,larusru01,West,1969,NBA,FALSE
Jeff Mullins,mullije01,West,1969,NBA,FALSE
Jerry Sloan,sloanje01,West,1969,NBA,FALSE
Dick Van Arsdale,vanardi01,West,1969,NBA,FALSE
Jerry West,westje01,West,1969,NBA,TRUE
Lenny Wilkens,wilkele01,West,1969,NBA,FALSE
Roger Brown,brownro01,East,1968,ABA,FALSE
Darel Carrier,carrida01,East,1968,ABA,FALSE
Louie Dampier,dampilo01,East,1968,ABA,FALSE
Mel Daniels,danieme01,East,1968,ABA,FALSE
Donnie Freeman,freemdo01,East,1968,ABA,FALSE
Connie Hawkins,hawkico01,East,1968,ABA,FALSE
Les Hunter,huntele01,East,1968,ABA,FALSE
Tony Jackson,jacksto01,East,1968,ABA,FALSE
Freddie Lewis,lewisfr02,East,1968,ABA,FALSE
Randy Mahaffey,mahafra01,East,1968,ABA,FALSE
Bob Netolicky,netolbo01,East,1968,ABA,FALSE
Chico Vaughn,vaughch01,East,1968,ABA,FALSE
John Beasley,beasljo01,West,1968,ABA,FALSE
Art Becker,beckear01,West,1968,ABA,FALSE
Larry Brown,brownla01,West,1968,ABA,FALSE
Larry Bunce,buncela01,West,1968,ABA,FALSE
Cliff Hagan,hagancl01,West,1968,ABA,FALSE
Jimmy Jones,jonesji01,West,1968,ABA,FALSE
Larry Jones,jonesla01,West,1968,ABA,FALSE
Dewitt Menyard,menyade01,West,1968,ABA,FALSE
Doug Moe,moedo01,West,1968,ABA,FALSE
Red Robbins,robbire01,West,1968,ABA,FALSE
Levern Tart,tartle01,West,1968,ABA,FALSE
Bob Verga,vergabo01,West,1968,ABA,TRUE
Ben Warley,warlebe01,West,1968,ABA,FALSE
Dick Barnett,barnedi01,East,1968,NBA,FALSE
Dave Bing,bingda01,East,1968,NBA,FALSE
Wilt Chamberlain,chambwi01,East,1968,NBA,FALSE
Dave DeBusschere,debusda01,East,1968,NBA,FALSE
Hal Greer,greerha01,East,1968,NBA,FALSE
John Havlicek,havlijo01,East,1968,NBA,FALSE
Gus Johnson,johnsgu01,East,1968,NBA,FALSE
Sam Jones,jonessa01,East,1968,NBA,FALSE
Jerry Lucas,lucasje01,East,1968,NBA,FALSE
Willis Reed,reedwi01,East,1968,NBA,FALSE
Oscar Robertson,roberos01,East,1968,NBA,FALSE
Bill Russell,russebi01,East,1968,NBA,FALSE
Walt Hazzard,abdulma01,West,1968,NBA,FALSE
Elgin Baylor,bayloel01,West,1968,NBA,FALSE
Zelmo Beaty,beatyze01,West,1968,NBA,FALSE
Bob Boozer,boozebo01,West,1968,NBA,FALSE
Bill Bridges,bridgbi01,West,1968,NBA,FALSE
Archie Clark,clarkar01,West,1968,NBA,FALSE
Jim King,kingji01,West,1968,NBA,FALSE
Don Kojis,kojisdo01,West,1968,NBA,FALSE
Rudy LaRusso,larusru01,West,1968,NBA,FALSE
Clyde Lee,leecl01,West,1968,NBA,TRUE
Nate Thurmond,thurmna01,West,1968,NBA,TRUE
Jerry West,westje01,West,1968,NBA,FALSE
Lenny Wilkens,wilkele01,West,1968,NBA,FALSE
Wilt Chamberlain,chambwi01,East,1967,NBA,FALSE
Hal Greer,greerha01,East,1967,NBA,FALSE
John Havlicek,havlijo01,East,1967,NBA,FALSE
Bailey Howell,howelba01,East,1967,NBA,FALSE
Jerry Lucas,lucasje01,East,1967,NBA,FALSE
Don Ohl,ohldo01,East,1967,NBA,FALSE
Willis Reed,reedwi01,East,1967,NBA,FALSE
Oscar Robertson,roberos01,East,1967,NBA,FALSE
Bill Russell,russebi01,East,1967,NBA,FALSE
Chet Walker,walkech01,East,1967,NBA,FALSE
Rick Barry,barryri01,West,1967,NBA,FALSE
Elgin Baylor,bayloel01,West,1967,NBA,FALSE
Bill Bridges,bridgbi01,West,1967,NBA,FALSE
Dave DeBusschere,debusda01,West,1967,NBA,FALSE
Darrall Imhoff,imhofda01,West,1967,NBA,FALSE
Guy Rodgers,rodgegu01,West,1967,NBA,FALSE
Jerry Sloan,sloanje01,West,1967,NBA,FALSE
Nate Thurmond,thurmna01,West,1967,NBA,FALSE
Jerry West,westje01,West,1967,NBA,FALSE
Lenny Wilkens,wilkele01,West,1967,NBA,FALSE
Wilt Chamberlain,chambwi01,East,1966,NBA,FALSE
Hal Greer,greerha01,East,1966,NBA,FALSE
John Havlicek,havlijo01,East,1966,NBA,FALSE
Sam Jones,jonessa01,East,1966,NBA,FALSE
Jerry Lucas,lucasje01,East,1966,NBA,FALSE
Willis Reed,reedwi01,East,1966,NBA,FALSE
Oscar Robertson,roberos01,East,1966,NBA,FALSE
Bill Russell,russebi01,East,1966,NBA,FALSE
Adrian Smith,smithad01,East,1966,NBA,FALSE
Chet Walker,walkech01,East,1966,NBA,FALSE
Rick Barry,barryri01,West,1966,NBA,FALSE
Zelmo Beaty,beatyze01,West,1966,NBA,FALSE
Dave DeBusschere,debusda01,West,1966,NBA,FALSE
Bailey Howell,howelba01,West,1966,NBA,FALSE
Rudy LaRusso,larusru01,West,1966,NBA,FALSE
Eddie Miles,milesed01,West,1966,NBA,FALSE
Don Ohl,ohldo01,West,1966,NBA,FALSE
Guy Rodgers,rodgegu01,West,1966,NBA,FALSE
Nate Thurmond,thurmna01,West,1966,NBA,FALSE
Jerry West,westje01,West,1966,NBA,FALSE
Larry Costello,costela01,East,1965,NBA,FALSE
Wayne Embry,embrywa01,East,1965,NBA,FALSE
Johnny Green,greenjo01,East,1965,NBA,TRUE
Hal Greer,greerha01,East,1965,NBA,FALSE
Tom Heinsohn,heinsto01,East,1965,NBA,TRUE
Luke Jackson,jackslu01,East,1965,NBA,FALSE
Sam Jones,jonessa01,East,1965,NBA,FALSE
Jerry Lucas,lucasje01,East,1965,NBA,FALSE
Willis Reed,reedwi01,East,1965,NBA,FALSE
Oscar Robertson,roberos01,East,1965,NBA,FALSE
Bill Russell,russebi01,East,1965,NBA,FALSE
Elgin Baylor,bayloel01,West,1965,NBA,FALSE
Walt Bellamy,bellawa01,West,1965,NBA,FALSE
Wilt Chamberlain,chambwi01,West,1965,NBA,FALSE
Terry Dischinger,dischte01,West,1965,NBA,FALSE
Gus Johnson,johnsgu01,West,1965,NBA,FALSE
Don Ohl,ohldo01,West,1965,NBA,FALSE
Bob Pettit,pettibo01,West,1965,NBA,FALSE
Nate Thurmond,thurmna01,West,1965,NBA,FALSE
Jerry West,westje01,West,1965,NBA,FALSE
Lenny Wilkens,wilkele01,West,1965,NBA,FALSE
Len Chappell,chapple01,East,1964,NBA,FALSE
Wayne Embry,embrywa01,East,1964,NBA,FALSE
Tom Gola,golato01,East,1964,NBA,FALSE
Hal Greer,greerha01,East,1964,NBA,FALSE
Tom Heinsohn,heinsto01,East,1964,NBA,FALSE
Sam Jones,jonessa01,East,1964,NBA,FALSE
Jerry Lucas,lucasje01,East,1964,NBA,FALSE
Oscar Robertson,roberos01,East,1964,NBA,FALSE
Bill Russell,russebi01,East,1964,NBA,FALSE
Chet Walker,walkech01,East,1964,NBA,FALSE
Elgin Baylor,bayloel01,West,1964,NBA,FALSE
Walt Bellamy,bellawa01,West,1964,NBA,FALSE
Wilt Chamberlain,chambwi01,West,1964,NBA,FALSE
Terry Dischinger,dischte01,West,1964,NBA,FALSE
Bailey Howell,howelba01,West,1964,NBA,FALSE
Don Ohl,ohldo01,West,1964,NBA,FALSE
Bob Pettit,pettibo01,West,1964,NBA,FALSE
Guy Rodgers,rodgegu01,West,1964,NBA,FALSE
Jerry West,westje01,West,1964,NBA,FALSE
Lenny Wilkens,wilkele01,West,1964,NBA,FALSE
Bob Cousy,cousybo01,East,1963,NBA,FALSE
Wayne Embry,embrywa01,East,1963,NBA,TRUE
Tom Gola,golato01,East,1963,NBA,FALSE
Johnny Green,greenjo01,East,1963,NBA,FALSE
Hal Greer,greerha01,East,1963,NBA,FALSE
Richie Guerin,gueriri01,East,1963,NBA,FALSE
Tom Heinsohn,heinsto01,East,1963,NBA,FALSE
Red Kerr,kerrre01,East,1963,NBA,FALSE
Oscar Robertson,roberos01,East,1963,NBA,FALSE
Bill Russell,russebi01,East,1963,NBA,FALSE
Lee Shaffer,shaffle01,East,1963,NBA,FALSE
Jack Twyman,twymaja01,East,1963,NBA,FALSE
Elgin Baylor,bayloel01,West,1963,NBA,FALSE
Walt Bellamy,bellawa01,West,1963,NBA,FALSE
Wilt Chamberlain,chambwi01,West,1963,NBA,FALSE
Terry Dischinger,dischte01,West,1963,NBA,FALSE
Bailey Howell,howelba01,West,1963,NBA,FALSE
Rudy LaRusso,larusru01,West,1963,NBA,FALSE
Tom Meschery,meschto01,West,1963,NBA,FALSE
Don Ohl,ohldo01,West,1963,NBA,FALSE
Bob Pettit,pettibo01,West,1963,NBA,FALSE
Guy Rodgers,rodgegu01,West,1963,NBA,FALSE
Jerry West,westje01,West,1963,NBA,FALSE
Lenny Wilkens,wilkele01,West,1963,NBA,FALSE
Paul Arizin,arizipa01,East,1962,NBA,FALSE
Wilt Chamberlain,chambwi01,East,1962,NBA,FALSE
Larry Costello,costela01,East,1962,NBA,TRUE
Bob Cousy,cousybo01,East,1962,NBA,FALSE
Tom Gola,golato01,East,1962,NBA,TRUE
Johnny Green,greenjo01,East,1962,NBA,TRUE
Hal Greer,greerha01,East,1962,NBA,FALSE
Richie Guerin,gueriri01,East,1962,NBA,FALSE
Tom Heinsohn,heinsto01,East,1962,NBA,FALSE
Sam Jones,jonessa01,East,1962,NBA,TRUE
Willie Naulls,naullwi01,East,1962,NBA,FALSE
Bill Russell,russebi01,East,1962,NBA,FALSE
Dolph Schayes,schaydo01,East,1962,NBA,FALSE
Elgin Baylor,bayloel01,West,1962,NBA,FALSE
Walt Bellamy,bellawa01,West,1962,NBA,FALSE
Wayne Embry,embrywa01,West,1962,NBA,FALSE
Cliff Hagan,hagancl01,West,1962,NBA,FALSE
Bailey Howell,howelba01,West,1962,NBA,FALSE
Rudy LaRusso,larusru01,West,1962,NBA,TRUE
Bob Pettit,pettibo01,West,1962,NBA,FALSE
Oscar Robertson,roberos01,West,1962,NBA,FALSE
Frank Selvy,selvyfr01,West,1962,NBA,FALSE
Gene Shue,shuege01,West,1962,NBA,FALSE
Jack Twyman,twymaja01,West,1962,NBA,FALSE
Jerry West,westje01,West,1962,NBA,FALSE
Paul Arizin,arizipa01,East,1961,NBA,FALSE
Wilt Chamberlain,chambwi01,East,1961,NBA,FALSE
Larry Costello,costela01,East,1961,NBA,FALSE
Bob Cousy,cousybo01,East,1961,NBA,FALSE
Tom Gola,golato01,East,1961,NBA,FALSE
Hal Greer,greerha01,East,1961,NBA,FALSE
Richie Guerin,gueriri01,East,1961,NBA,FALSE
Tom Heinsohn,heinsto01,East,1961,NBA,FALSE
Willie Naulls,naullwi01,East,1961,NBA,FALSE
Bill Russell,russebi01,East,1961,NBA,FALSE
Dolph Schayes,schaydo01,East,1961,NBA,FALSE
Elgin Baylor,bayloel01,West,1961,NBA,FALSE
Walter Dukes,dukeswa01,West,1961,NBA,FALSE
Wayne Embry,embrywa01,West,1961,NBA,FALSE
Cliff Hagan,hagancl01,West,1961,NBA,FALSE
Bailey Howell,howelba01,West,1961,NBA,FALSE
Hot Rod Hundley,hundlho01,West,1961,NBA,FALSE
Clyde Lovellette,lovelcl01,West,1961,NBA,FALSE
Bob Pettit,pettibo01,West,1961,NBA,FALSE
Oscar Robertson,roberos01,West,1961,NBA,FALSE
Gene Shue,shuege01,West,1961,NBA,FALSE
Jerry West,westje01,West,1961,NBA,FALSE
Paul Arizin,arizipa01,East,1960,NBA,TRUE
Wilt Chamberlain,chambwi01,East,1960,NBA,FALSE
Larry Costello,costela01,East,1960,NBA,FALSE
Bob Cousy,cousybo01,East,1960,NBA,FALSE
Tom Gola,golato01,East,1960,NBA,TRUE
Richie Guerin,gueriri01,East,1960,NBA,FALSE
Willie Naulls,naullwi01,East,1960,NBA,FALSE
Bill Russell,russebi01,East,1960,NBA,FALSE
Dolph Schayes,schaydo01,East,1960,NBA,FALSE
Bill Sharman,sharmbi01,East,1960,NBA,FALSE
George Yardley,yardlge01,East,1960,NBA,FALSE
Elgin Baylor,bayloel01,West,1960,NBA,FALSE
Walter Dukes,dukeswa01,West,1960,NBA,FALSE
Dick Garmaker,garmadi01,West,1960,NBA,FALSE
Cliff Hagan,hagancl01,West,1960,NBA,FALSE
Hot Rod Hundley,hundlho01,West,1960,NBA,FALSE
Clyde Lovellette,lovelcl01,West,1960,NBA,FALSE
Chuck Noble,noblech01,West,1960,NBA,FALSE
Bob Pettit,pettibo01,West,1960,NBA,FALSE
Gene Shue,shuege01,West,1960,NBA,FALSE
Jack Twyman,twymaja01,West,1960,NBA,FALSE
Paul Arizin,arizipa01,East,1959,NBA,FALSE
Larry Costello,costela01,East,1959,NBA,FALSE
Bob Cousy,cousybo01,East,1959,NBA,FALSE
Richie Guerin,gueriri01,East,1959,NBA,FALSE
Red Kerr,kerrre01,East,1959,NBA,FALSE
Bill Russell,russebi01,East,1959,NBA,FALSE
Woody Sauldsberry,sauldwo01,East,1959,NBA,FALSE
Dolph Schayes,schaydo01,East,1959,NBA,FALSE
Kenny Sears,searske01,East,1959,NBA,FALSE
Bill Sharman,sharmbi01,East,1959,NBA,FALSE
Elgin Baylor,bayloel01,West,1959,NBA,FALSE
Larry Foust,foustla01,West,1959,NBA,FALSE
Dick Garmaker,garmadi01,West,1959,NBA,FALSE
Cliff Hagan,hagancl01,West,1959,NBA,FALSE
Slater Martin,martisl01,West,1959,NBA,FALSE
Dick McGuire,mcguidi01,West,1959,NBA,FALSE
Bob Pettit,pettibo01,West,1959,NBA,FALSE
Gene Shue,shuege01,West,1959,NBA,FALSE
Jack Twyman,twymaja01,West,1959,NBA,FALSE
George Yardley,yardlge01,West,1959,NBA,FALSE
Paul Arizin,arizipa01,East,1958,NBA,FALSE
Larry Costello,costela01,East,1958,NBA,FALSE
Bob Cousy,cousybo01,East,1958,NBA,FALSE
Richie Guerin,gueriri01,East,1958,NBA,FALSE
Neil Johnston,johnsne01,East,1958,NBA,FALSE
Willie Naulls,naullwi01,East,1958,NBA,FALSE
Bill Russell,russebi01,East,1958,NBA,FALSE
Dolph Schayes,schaydo01,East,1958,NBA,FALSE
Kenny Sears,searske01,East,1958,NBA,FALSE
Bill Sharman,sharmbi01,East,1958,NBA,FALSE
Larry Foust,foustla01,West,1958,NBA,FALSE
Dick Garmaker,garmadi01,West,1958,NBA,FALSE
Cliff Hagan,hagancl01,West,1958,NBA,TRUE
Slater Martin,martisl01,West,1958,NBA,FALSE
Dick McGuire,mcguidi01,West,1958,NBA,FALSE
Bob Pettit,pettibo01,West,1958,NBA,FALSE
Gene Shue,shuege01,West,1958,NBA,FALSE
Maurice Stokes,stokema01,West,1958,NBA,FALSE
Jack Twyman,twymaja01,West,1958,NBA,FALSE
George Yardley,yardlge01,West,1958,NBA,FALSE
Paul Arizin,arizipa01,East,1957,NBA,FALSE
Carl Braun,braunca01,East,1957,NBA,FALSE
Nat Clifton,cliftna01,East,1957,NBA,FALSE
Bob Cousy,cousybo01,East,1957,NBA,FALSE
Harry Gallatin,gallaha01,East,1957,NBA,FALSE
Jack George,georgja01,East,1957,NBA,FALSE
Tom Heinsohn,heinsto01,East,1957,NBA,FALSE
Neil Johnston,johnsne01,East,1957,NBA,FALSE
Dolph Schayes,schaydo01,East,1957,NBA,FALSE
Bill Sharman,sharmbi01,East,1957,NBA,FALSE
Dick Garmaker,garmadi01,West,1957,NBA,FALSE
Mel Hutchins,hutchme01,West,1957,NBA,FALSE
Clyde Lovellette,lovelcl01,West,1957,NBA,TRUE
Ed Macauley,macaued01,West,1957,NBA,FALSE
Slater Martin,martisl01,West,1957,NBA,FALSE
Vern Mikkelsen,mikkeve01,West,1957,NBA,TRUE
Bob Pettit,pettibo01,West,1957,NBA,FALSE
Richie Regan,reganri01,West,1957,NBA,FALSE
Maurice Stokes,stokema01,West,1957,NBA,FALSE
Jack Twyman,twymaja01,West,1957,NBA,FALSE
George Yardley,yardlge01,West,1957,NBA,FALSE
Paul Arizin,arizipa01,East,1956,NBA,FALSE
Carl Braun,braunca01,East,1956,NBA,TRUE
Bob Cousy,cousybo01,East,1956,NBA,FALSE
Harry Gallatin,gallaha01,East,1956,NBA,FALSE
Jack George,georgja01,East,1956,NBA,FALSE
Neil Johnston,johnsne01,East,1956,NBA,FALSE
Red Kerr,kerrre01,East,1956,NBA,TRUE
Ed Macauley,macaued01,East,1956,NBA,FALSE
Dick McGuire,mcguidi01,East,1956,NBA,FALSE
Dolph Schayes,schaydo01,East,1956,NBA,FALSE
Bill Sharman,sharmbi01,East,1956,NBA,FALSE
Larry Foust,foustla01,West,1956,NBA,FALSE
Bob Harrison,harribo02,West,1956,NBA,FALSE
Mel Hutchins,hutchme01,West,1956,NBA,FALSE
Clyde Lovellette,lovelcl01,West,1956,NBA,FALSE
Slater Martin,martisl01,West,1956,NBA,FALSE
Vern Mikkelsen,mikkeve01,West,1956,NBA,FALSE
Bob Pettit,pettibo01,West,1956,NBA,FALSE
Maurice Stokes,stokema01,West,1956,NBA,FALSE
Bobby Wanzer,wanzebo01,West,1956,NBA,FALSE
George Yardley,yardlge01,West,1956,NBA,FALSE
Paul Arizin,arizipa01,East,1955,NBA,FALSE
Carl Braun,braunca01,East,1955,NBA,FALSE
Bob Cousy,cousybo01,East,1955,NBA,FALSE
Harry Gallatin,gallaha01,East,1955,NBA,FALSE
Neil Johnston,johnsne01,East,1955,NBA,FALSE
Ed Macauley,macaued01,East,1955,NBA,FALSE
Dick McGuire,mcguidi01,East,1955,NBA,FALSE
Dolph Schayes,schaydo01,East,1955,NBA,FALSE
Paul Seymour,seymopa01,East,1955,NBA,FALSE
Bill Sharman,sharmbi01,East,1955,NBA,FALSE
Jack Coleman,colemja01,West,1955,NBA,TRUE
Larry Foust,foustla01,West,1955,NBA,FALSE
Slater Martin,martisl01,West,1955,NBA,FALSE
Vern Mikkelsen,mikkeve01,West,1955,NBA,FALSE
Bob Pettit,pettibo01,West,1955,NBA,FALSE
Andy Phillip,phillan01,West,1955,NBA,FALSE
Jim Pollard,pollaji01,West,1955,NBA,FALSE
Arnie Risen,risenar01,West,1955,NBA,TRUE
Frank Selvy,selvyfr01,West,1955,NBA,FALSE
Bobby Wanzer,wanzebo01,West,1955,NBA,FALSE
George Yardley,yardlge01,West,1955,NBA,FALSE
Carl Braun,braunca01,East,1954,NBA,FALSE
Bob Cousy,cousybo01,East,1954,NBA,FALSE
Ray Felix,felixra01,East,1954,NBA,FALSE
Harry Gallatin,gallaha01,East,1954,NBA,FALSE
Neil Johnston,johnsne01,East,1954,NBA,FALSE
Ed Macauley,macaued01,East,1954,NBA,FALSE
Dick McGuire,mcguidi01,East,1954,NBA,FALSE
Dolph Schayes,schaydo01,East,1954,NBA,FALSE
Paul Seymour,seymopa01,East,1954,NBA,FALSE
Bill Sharman,sharmbi01,East,1954,NBA,FALSE
Bob Davies,daviebo01,West,1954,NBA,FALSE
Larry Foust,foustla01,West,1954,NBA,FALSE
Mel Hutchins,hutchme01,West,1954,NBA,FALSE
Slater Martin,martisl01,West,1954,NBA,FALSE
George Mikan,mikange01,West,1954,NBA,FALSE
Jack Molinas,molinja01,West,1954,NBA,TRUE
Andy Phillip,phillan01,West,1954,NBA,TRUE
Jim Pollard,pollaji01,West,1954,NBA,FALSE
Arnie Risen,risenar01,West,1954,NBA,FALSE
Don Sunderlage,sundedo01,West,1954,NBA,FALSE
Bobby Wanzer,wanzebo01,West,1954,NBA,FALSE
Don Barksdale,barksdo01,East,1953,NBA,FALSE
Carl Braun,braunca01,East,1953,NBA,FALSE
Bob Cousy,cousybo01,East,1953,NBA,FALSE
Bill Gabor,gaborbi01,East,1953,NBA,TRUE
Harry Gallatin,gallaha01,East,1953,NBA,FALSE
Neil Johnston,johnsne01,East,1953,NBA,FALSE
Ed Macauley,macaued01,East,1953,NBA,FALSE
Dolph Schayes,schaydo01,East,1953,NBA,FALSE
Fred Scolari,scolafr01,East,1953,NBA,TRUE
Paul Seymour,seymopa01,East,1953,NBA,FALSE
Bill Sharman,sharmbi01,East,1953,NBA,FALSE
Leo Barnhorst,barnhle01,West,1953,NBA,FALSE
Bob Davies,daviebo01,West,1953,NBA,FALSE
Larry Foust,foustla01,West,1953,NBA,FALSE
Mel Hutchins,hutchme01,West,1953,NBA,FALSE
Slater Martin,martisl01,West,1953,NBA,FALSE
George Mikan,mikange01,West,1953,NBA,FALSE
Vern Mikkelsen,mikkeve01,West,1953,NBA,FALSE
Andy Phillip,phillan01,West,1953,NBA,FALSE
Arnie Risen,risenar01,West,1953,NBA,FALSE
Bobby Wanzer,wanzebo01,West,1953,NBA,FALSE
Paul Arizin,arizipa01,East,1952,NBA,FALSE
Bob Cousy,cousybo01,East,1952,NBA,FALSE
Joe Fulks,fulksjo01,East,1952,NBA,FALSE
Harry Gallatin,gallaha01,East,1952,NBA,TRUE
Ed Macauley,macaued01,East,1952,NBA,FALSE
Dick McGuire,mcguidi01,East,1952,NBA,FALSE
Andy Phillip,phillan01,East,1952,NBA,FALSE
Red Rocha,rochare01,East,1952,NBA,FALSE
Dolph Schayes,schaydo01,East,1952,NBA,TRUE
Fred Scolari,scolafr01,East,1952,NBA,FALSE
Max Zaslofsky,zasloma01,East,1952,NBA,FALSE
Leo Barnhorst,barnhle01,West,1952,NBA,FALSE
Frankie Brian,brianfr01,West,1952,NBA,FALSE
Bob Davies,daviebo01,West,1952,NBA,FALSE
Dike Eddleman,eddledi01,West,1952,NBA,FALSE
Larry Foust,foustla01,West,1952,NBA,TRUE
George Mikan,mikange01,West,1952,NBA,FALSE
Vern Mikkelsen,mikkeve01,West,1952,NBA,FALSE
Jim Pollard,pollaji01,West,1952,NBA,FALSE
Arnie Risen,risenar01,West,1952,NBA,TRUE
Paul Walther,walthpa01,West,1952,NBA,FALSE
Bobby Wanzer,wanzebo01,West,1952,NBA,FALSE
Paul Arizin,arizipa01,East,1951,NBA,FALSE
Vince Boryla,borylvi01,East,1951,NBA,FALSE
Bob Cousy,cousybo01,East,1951,NBA,FALSE
Joe Fulks,fulksjo01,East,1951,NBA,FALSE
Harry Gallatin,gallaha01,East,1951,NBA,FALSE
Ed Macauley,macaued01,East,1951,NBA,FALSE
Dick McGuire,mcguidi01,East,1951,NBA,FALSE
Andy Phillip,phillan01,East,1951,NBA,FALSE
Red Rocha,rochare01,East,1951,NBA,FALSE
Dolph Schayes,schaydo01,East,1951,NBA,FALSE
Ralph Beard,beardra01,West,1951,NBA,FALSE
Frankie Brian,brianfr01,West,1951,NBA,FALSE
Bob Davies,daviebo01,West,1951,NBA,FALSE
Dike Eddleman,eddledi01,West,1951,NBA,FALSE
Larry Foust,foustla01,West,1951,NBA,FALSE
Alex Groza,grozaal01,West,1951,NBA,FALSE
George Mikan,mikange01,West,1951,NBA,FALSE
Vern Mikkelsen,mikkeve01,West,1951,NBA,FALSE
Jim Pollard,pollaji01,West,1951,NBA,FALSE
Fred Schaus,schaufr01,West,1951,NBA,FALSE
